func,start,end,is_cold,container_id,provider.request_id,blob.upload,blob.download,request_id
generate,1706574295.381301,1706574295.383276,True,26aa0c60,af43f69c-a48b-4148-9986-033b5d8c21c0,0.0,0.0,22898d3f
process,1706574341.4859,1706574351.497643,False,e78ca7ea,d9d5a44a-3943-4577-8176-7b721efdb96f,0.0,0.0,22898d3f
process,1706574355.783061,1706574365.794279,False,26aa0c60,544be338-68e2-42c2-95a6-56de398e5b75,0.0,0.0,22898d3f
process,1706574375.83337,1706574385.852781,False,26aa0c60,127b6e5b-213d-4531-ac24-60763b498e10,0.0,0.0,22898d3f
process,1706574351.511005,1706574361.512366,False,e78ca7ea,e5e032d6-d16d-4419-974e-cf5a28e65d35,0.0,0.0,22898d3f
process,1706574315.686313,1706574325.697283,False,26aa0c60,cd05a49c-2bf1-4142-a49f-23e1de671be7,0.0,0.0,22898d3f
process,1706574345.760851,1706574355.764555,False,26aa0c60,0dd9462e-a346-45e8-9f83-7b7353b9793a,0.0,0.0,22898d3f
process,1706574395.925402,1706574405.938277,False,26aa0c60,146737d2-b69a-4aa3-b88b-f02e47eda4d1,0.0,0.0,22898d3f
process,1706574415.982962,1706574425.995434,False,26aa0c60,d7d2908c-8eea-4622-80ee-3c3027f4033f,0.0,0.0,22898d3f
process,1706574365.809786,1706574375.82052,False,26aa0c60,4355717f-cd8e-4b6b-889f-0830e4b081bf,0.0,0.0,22898d3f
process,1706574331.45892,1706574341.472671,True,e78ca7ea,0feeea81-4f8b-44ad-95c2-a0e6760cc2bb,0.0,0.0,22898d3f
process,1706574385.866768,1706574395.877516,False,26aa0c60,33d879ce-494a-4f7d-8402-4d0d5358297d,0.0,0.0,22898d3f
run_workflow,1706574426.869291,1706574426.87157,,,,,,22898d3f
process,1706574325.711837,1706574335.71906,False,26aa0c60,8176da17-51dd-4647-b491-7faaaa7df5a1,0.0,0.0,22898d3f
process,1706574335.735649,1706574345.746839,False,26aa0c60,2511eacb-7aea-47c6-badf-cc8a9873490a,0.0,0.0,22898d3f
process,1706574305.665869,1706574315.672766,False,26aa0c60,65411f58-b95a-4e2f-a203-18e661fb5b34,0.0,0.0,22898d3f
process,1706574405.953795,1706574415.965072,False,26aa0c60,48543231-c28e-4391-9324-68ad9f0f5dec,0.0,0.0,22898d3f
process,1706574295.641575,1706574305.651875,False,26aa0c60,ca7f687e-90f5-44c5-9b02-5d63c83cfea1,0.0,0.0,22898d3f
