func,start,end,is_cold,container_id,provider.request_id,blob.upload,blob.download,request_id
analyse,1706287825.895316,1706287854.567208,True,3356c18b,3movy3wpbkdp,0,124525957,5a837bd6
decode,1706287814.474896,1706287823.73938,True,0879e8da,3p0zwxvnuhvm,7840386,1309217,5a837bd6
summarize,1706287855.145576,1706287856.635637,True,efab747f,mpyujs5rt9dp,0,0,5a837bd6
analyse,1706287825.561099,1706287846.971939,True,d0388af9,8enq91l6gwix,0,124596129,5a837bd6
