func,start,end,is_cold,container_id,provider.request_id,blob.upload,blob.download,request_id
process,1701380073.651797,1701380093.652121,False,a5a90bf5,1bddkluzxskm,0,0,a55117aa
process,1701380073.545503,1701380093.54621,False,faaec768,imq9ka1m91pm,0,0,a55117aa
process,1701380073.777342,1701380093.778498,False,98f5ef3a,1lhtc9nxqld8,0,0,a55117aa
process,1701380074.121448,1701380094.122251,False,e45a6577,zhwl15duz3y6,0,0,a55117aa
process,1701380074.352265,1701380094.354622,False,e824f06c,bvbarwf9kgq9,0,0,a55117aa
generate,1701380073.322962,1701380073.323352,False,d6d6690a,r5wnyxatllpe,0,0,a55117aa
process,1701380073.983,1701380093.983763,False,762d2b9e,6ytfrxrh4e7t,0,0,a55117aa
process,1701380073.874329,1701380093.879301,True,bf044913,51gnhnw67qd4,0,0,a55117aa
process,1701380074.228631,1701380094.229592,False,2355c27b,1o3q8s1ka68z,0,0,a55117aa
