func,start,end,is_cold,container_id,provider.request_id,blob.upload,blob.download,request_id,provider.execution_duration,provider.init_duration,max_mem_used,billing.duration,billing.mem,billing.gbs
process,1701291153.607114,1701291158.607268,False,0043f82b,97f2a689-d4ac-4dcb-971f-7d9fb78e75d2,0,0,2b7878d0,0.0,0.0,,,,0.0
process,1701291153.581406,1701291158.581616,False,2a4849bc,8e5fa092-0c6d-4161-bee8-aa5d24545e19,0,0,2b7878d0,0.0,0.0,,,,0.0
process,1701291153.592645,1701291158.592848,False,b9ef3862,7888d4ef-7021-4cdb-bfed-1314de3b290e,0,0,2b7878d0,0.0,0.0,,,,0.0
process,1701291153.581938,1701291158.587082,False,b2b69246,4ae1d765-706a-4203-80cb-6316a9eaaba4,0,0,2b7878d0,0.0,0.0,,,,0.0
process,1701291153.598124,1701291158.6033,False,8d9a3484,556ecf2e-af67-4346-86ae-6e726d1948e6,0,0,2b7878d0,0.0,0.0,,,,0.0
process,1701291153.55858,1701291158.558711,False,584db8c6,6c3d727e-1a91-4cc3-a330-a165467c1b3a,0,0,2b7878d0,0.0,0.0,,,,0.0
process,1701291153.551634,1701291158.554217,False,431dc6ab,057e6986-09d9-49a5-b919-6d5b1fb34fc2,0,0,2b7878d0,0.0,0.0,,,,0.0
process,1701291153.588858,1701291158.589066,False,cc0fc6ea,3a6377b2-7de9-404c-b4b0-09428bc1eee8,0,0,2b7878d0,0.0,0.0,,,,0.0
generate,1701291153.370245,1701291153.370311,False,aa12cceb,1189477d-1893-4f0a-9472-5b8d378709f5,0,0,2b7878d0,0.0,0.0,,,,0.0
