func,start,end,is_cold,container_id,provider.request_id,blob.upload,blob.download,request_id
individuals,1706243009.038977,1706243041.233131,True,8e31c9f5,d7c22f5b-82de-46e7-9b56-5327d579f8aa,58623,20078,b3c072bb
individuals,1706243008.895153,1706243041.172799,True,3daada61,e224b406-eb91-46cf-b584-36a6f056c0be,47874,20078,b3c072bb
individuals,1706243009.013448,1706243040.66493,True,4ea14bf1,b93a00c4-52a9-4bcf-a887-56a8b7e3f36b,67391,20078,b3c072bb
individuals,1706243008.929498,1706243040.174176,True,78de6188,998958c8-0398-4171-aa09-2a2134a20dbd,70370,20078,b3c072bb
individuals,1706243008.997918,1706243040.840974,True,d6ba463a,fe4cc35a-0c23-4d60-b8c2-872fa7dc4ddf,62662,20078,b3c072bb
individuals,1706243009.004671,1706243041.105424,True,b06e44f0,028afce1-f9d7-4543-ac9d-bd403f885bb3,66745,20078,b3c072bb
individuals,1706243008.948721,1706243035.979842,True,5b390bca,e124b891-2c01-40a7-b2dc-dfef842f912c,75279,20078,b3c072bb
individuals,1706243008.899536,1706243040.265904,True,9fbf16ac,9770514d-7bd5-4998-976c-a708766433b1,56286,20078,b3c072bb
individuals,1706243009.013828,1706243041.081746,True,3df5a02a,f18c672b-1dad-4226-8409-3f59ed747370,70469,20078,b3c072bb
individuals,1706243008.885655,1706243040.262749,True,63a3209b,61722935-ef87-42be-b8e3-2a28b1c7d72c,61552,20078,b3c072bb
individuals,1706243009.000726,1706243040.148266,True,9b802c94,cd630777-2e3e-4f02-8cdd-3310d2b5aa2d,78330,20078,b3c072bb
individuals,1706243008.984026,1706243040.296513,True,f95e32d2,a4dd13ae-698d-4221-944a-16806fe63b53,57693,20078,b3c072bb
individuals,1706243008.921422,1706243040.730552,True,b8698634,f4fb2cf3-e965-4a1a-8046-a0fc86030f4a,50664,20078,b3c072bb
individuals,1706243009.100325,1706243040.794798,True,a7d990a5,124b1fc2-44f1-484d-8e91-ffe665301c4d,56781,20078,b3c072bb
individuals,1706243008.889053,1706243040.245696,True,8f04623e,f7e32808-9c56-41ba-899b-2531383e75c8,60717,20078,b3c072bb
individuals,1706243008.904766,1706243041.162853,True,91f27524,3a207cba-9e7f-4217-a043-c7f33afe8cfe,48061,20078,b3c072bb
individuals,1706243008.88268,1706243041.108448,True,b3f7b9f7,4e2d95d7-d049-4832-b910-791ab0d34da2,58857,20078,b3c072bb
individuals,1706243009.402971,1706243041.792293,True,ff341f94,bf33b435-9c3e-46a6-9c6c-c76410b31435,76949,20078,b3c072bb
individuals,1706243008.936422,1706243041.139288,True,4c3ebf97,09c28813-f697-44f6-be92-2c30ed0f5c83,54235,20078,b3c072bb
individuals,1706243008.897697,1706243041.259675,True,20708413,0e316c71-254a-4163-95d4-f3ab63d3fa2e,55167,20078,b3c072bb
