func,start,end,is_cold,container_id,provider.request_id,blob.upload,blob.download,request_id
individuals,1706232611.938564,1706232661.876693,True,e18bfd16,ctj8gxm3jefu,58561,20078,477102ab
individuals,1706232611.984464,1706232649.709597,True,fc8f8d7a,ycuyza18knyw,68030,20078,477102ab
individuals,1706232614.565054,1706232658.491717,True,0579905e,gubj6o0snep7,63851,20078,477102ab
individuals,1706232612.4485,1706232668.147255,True,c377a69f,szvduejx5kep,55008,20078,477102ab
individuals,1706232613.581239,1706232661.849215,True,66e1a5aa,u1mzw8ipdh9e,82902,20078,477102ab
individuals,1706232612.846219,1706232670.38065,True,833f3758,a8l6qn36jcpq,69925,20078,477102ab
individuals,1706232613.700928,1706232658.845215,True,7c585f93,h1jvjrs37sgt,65385,20078,477102ab
individuals,1706232613.126309,1706232649.772303,True,0a643dbd,9b20a7tluz7i,73533,20078,477102ab
individuals,1706232612.288085,1706232662.097167,True,b1b6b895,g8ylfwrjkf3u,69015,20078,477102ab
individuals,1706232612.465404,1706232669.247183,True,8cf7c424,9fx567e4y7rc,55392,20078,477102ab
individuals,1706232613.174563,1706232658.611886,True,4d93cb13,tadhgctb3162,76903,20078,477102ab
individuals,1706232610.946337,1706232668.157942,True,d2bae902,i2ipmdk3rov7,61532,20078,477102ab
individuals,1706232612.777665,1706232662.947253,True,f5b98153,lc5oam53r5s5,62346,20078,477102ab
individuals,1706232612.852023,1706232660.703046,True,f81bb3c6,72wopjm5ljpm,63495,20078,477102ab
individuals,1706232612.377665,1706232644.486296,True,5ebb0c10,yc6tgtpovex9,65347,20078,477102ab
individuals,1706232613.818668,1706232655.181331,True,72b1eb39,f3dlrzth2h3n,72853,20078,477102ab
individuals,1706232613.131957,1706232646.362041,True,35612a84,60isaq5o0e7w,65491,20078,477102ab
individuals,1706232614.743932,1706232667.922763,True,e63da95a,xgyfmdwenrsg,83963,20078,477102ab
individuals,1706232613.933843,1706232641.306195,True,87459dab,p1hd9p85zsx8,76506,20078,477102ab
individuals,1706232615.006099,1706232667.838968,True,6a3f13c5,0ad0ijot5wv1,84942,20078,477102ab
