func,start,end,is_cold,container_id,provider.request_id,blob.upload,blob.download,request_id
process,1717172988.71462,1717172988.714877,False,cbf2169c,ce60f1cb-c767-4acc-b950-19b4a58a5e72,0,0,2ddf68ef
process,1717172987.944966,1717172987.945227,False,cbf2169c,cc393503-db2c-43d1-b03a-3dd6d3065aec,0,0,2ddf68ef
process,1717172987.720058,1717172987.722692,True,cbf2169c,15fe5002-49ea-403e-8a57-8dac3a3c1fa4,0,0,2ddf68ef
gen,1717172987.077048,1717172987.07972,True,a009a72b,3af6f26f-3d03-4907-bb30-a8fa35be82da,0,0,2ddf68ef
process,1717172988.909009,1717172988.909272,False,cbf2169c,4bd5c133-e5b8-4fbc-9137-7159af7f0333,0,0,2ddf68ef
process,1717172988.121649,1717172988.121912,False,cbf2169c,9736b5ac-06b0-4b1f-91ad-62d6692fd486,0,0,2ddf68ef
process,1717172988.486651,1717172988.486906,False,cbf2169c,efaf64b6-547c-452a-b179-49b0d84db53b,0,0,2ddf68ef
process,1717172989.059718,1717172989.060199,False,cbf2169c,1826cb96-82ce-4a0d-a71e-6e3553ca70c0,0,0,2ddf68ef
process,1717172988.283197,1717172988.28346,False,cbf2169c,29b98f28-3d50-4b1c-aeb7-ed764ce50a11,0,0,2ddf68ef
