func,start,end,is_cold,container_id,provider.request_id,blob.upload,blob.download,request_id
process,1701386200.794456,1701386220.795635,False,d37e027e,t5fv0460acnp,0,0,f1ff68dc
process,1701386201.30583,1701386221.306337,False,25a53464,kl7o7am6qmyn,0,0,f1ff68dc
process,1701386200.576401,1701386220.585041,True,dc408715,cx3wuy3xjwwk,0,0,f1ff68dc
process,1701386202.96902,1701386223.031099,True,4d59b2b1,d9d8rx9i5waj,0,0,f1ff68dc
process,1701386200.215189,1701386220.216318,False,02f07267,fw268uuvinh6,0,0,f1ff68dc
process,1701386200.909856,1701386220.91048,False,5ecbabaa,5dzknuw6fneg,0,0,f1ff68dc
process,1701386200.690946,1701386220.692139,False,08062930,d35vpabg16n9,0,0,f1ff68dc
process,1701386201.182707,1701386221.183061,False,64402f02,smzwa1mkp49i,0,0,f1ff68dc
process,1701386200.435356,1701386220.435743,False,dbe703f5,lni6iyt0exmd,0,0,f1ff68dc
process,1701386200.308886,1701386220.309798,False,3287ffea,l73ke2t84wdr,0,0,f1ff68dc
process,1701386201.059348,1701386221.06048,False,c4c61dc5,paftcfyyw9av,0,0,f1ff68dc
process,1701386201.692254,1701386221.692922,False,1073c1f5,hathbijkyulc,0,0,f1ff68dc
process,1701386201.564927,1701386221.566195,False,bd56b232,xnt6jp3590zb,0,0,f1ff68dc
process,1701386201.407499,1701386221.408791,False,5f4bcbb6,o2dh0uyj6urh,0,0,f1ff68dc
process,1701386200.051553,1701386220.052197,False,78dccb9e,nwipt6g4mxfi,0,0,f1ff68dc
process,1701386199.932145,1701386219.933499,False,a081dff7,f90bsyd188hc,0,0,f1ff68dc
generate,1701386199.737679,1701386199.737891,False,7d4a68e1,f0uuqxxvbdxc,0,0,f1ff68dc
