func,start,end,is_cold,container_id,provider.request_id,blob.upload,blob.download,request_id
process,1717173355.513042,1717173355.513924,False,c50cad8c,b0289725-ebfd-4dd0-a4f0-53efd9b83e11,0,0,c3cf04e4
process,1717173354.439121,1717173354.439992,False,c50cad8c,8acfcebf-3af2-4a05-a3fe-0b43096b357d,0,0,c3cf04e4
process,1717173354.009497,1717173354.01277,True,c50cad8c,a7cdeb2e-2e1d-4191-bbae-26a99377cdb3,0,0,c3cf04e4
process,1717173355.086425,1717173355.08731,False,c50cad8c,1381cb6b-e26d-4a01-9811-ad1392b722d2,0,0,c3cf04e4
process,1717173354.226406,1717173354.227316,False,c50cad8c,d77a888f-5539-4f4b-8ec1-80be5ecf3fe6,0,0,c3cf04e4
process,1717173354.738193,1717173354.739084,False,c50cad8c,ce750749-519d-443a-b851-16401bd460ed,0,0,c3cf04e4
process,1717173354.897497,1717173354.898383,False,c50cad8c,bc283fc2-76c4-4fde-bda6-7e04f2d5470e,0,0,c3cf04e4
gen,1717173353.376993,1717173353.379408,True,bde7e48d,0fcdcb91-7c40-4d43-b3ab-55af47dcc218,0,0,c3cf04e4
process,1717173355.27571,1717173355.276613,False,c50cad8c,3e954f70-8c69-4b51-8034-ce68f18d4e14,0,0,c3cf04e4
