func,start,end,is_cold,container_id,provider.request_id,blob.upload,blob.download,request_id
process,1701294694.961369,1701294709.976517,False,9a8a0f64,4b5f599a-9f52-49c9-9d10-5488021e83e4,0,0,35761504
process,1701294694.946068,1701294709.961118,False,e4eadb14,bd56b07d-2b2f-4bd1-83fc-21cb2b055161,0,0,35761504
process,1701294694.947738,1701294709.955533,False,ee84fc5f,578a3145-a306-4c65-ae8f-8a928afd11dd,0,0,35761504
process,1701294694.965617,1701294709.973784,False,49d3d6c6,ea4a7ef0-6868-45b0-b893-29e5dca1472d,0,0,35761504
generate,1701294694.752087,1701294694.752154,False,759a402b,83989931-acb7-48f1-8700-3f6bb1f4bd4f,0,0,35761504
process,1701294694.97862,1701294709.98416,False,015ce581,40f2c541-3a81-403f-a5c1-a811b60c90f8,0,0,35761504
process,1701294694.971554,1701294709.986813,False,b9f5c6a1,7f957620-8022-474a-aeae-5a731e2ccce9,0,0,35761504
process,1701294694.960015,1701294709.975113,False,446a1415,54253b95-2537-496a-abcc-775d4d07b7c3,0,0,35761504
process,1701294694.966942,1701294709.982216,False,8e97d806,4fd6d059-3938-4fb5-8455-0a891d9f7c68,0,0,35761504
