func,start,end,is_cold,container_id,provider.request_id,blob.upload,blob.download,request_id
generate,1701361037.584083,1701361037.584348,False,d2ccc702,zjs66yd30d22,0,0,77378c86
process,1701361037.944159,1701361038.944471,False,d1684d14,u49gscdmxpiv,0,0,77378c86
process,1701361037.827863,1701361038.828887,False,f58652f9,5qrgq1nh2s5z,0,0,77378c86
