func,start,end,is_cold,container_id,provider.request_id,blob.upload,blob.download,request_id
process,1701384078.557041,1701384093.557635,False,d2cdb25b,zbqs5cp9aso5,0,0,0fa51f9e
process,1701384078.341644,1701384093.342685,False,2ad29adc,b4sizkvdgiau,0,0,0fa51f9e
process,1701384077.425988,1701384092.42675,False,178d3839,xxgwokdwwr8e,0,0,0fa51f9e
process,1701384076.889151,1701384091.890769,False,e0c54aa0,5qy34gnhfepf,0,0,0fa51f9e
process,1701384078.086105,1701384093.08667,False,d4cdafc4,66vg5e1y8c3x,0,0,0fa51f9e
process,1701384078.452664,1701384093.453472,False,4527a785,u78i0686xml3,0,0,0fa51f9e
process,1701384077.253904,1701384092.25477,False,149c8177,8m8m4ewtke5n,0,0,0fa51f9e
process,1701384076.554545,1701384091.556087,False,03476131,7pci612fenui,0,0,0fa51f9e
process,1701384077.032384,1701384092.039393,True,e0302d4e,hqxtxt0fwlaj,0,0,0fa51f9e
generate,1701384076.147753,1701384076.148061,False,28f7f9a6,p8olwz8i3u0r,0,0,0fa51f9e
process,1701384077.908669,1701384092.909202,False,cbe9f752,8n60fztyku92,0,0,0fa51f9e
process,1701384077.216958,1701384092.217763,False,b1db8339,j222l3s4ad74,0,0,0fa51f9e
process,1701384076.753189,1701384091.755932,False,25bd4eab,e6qxzxpeula0,0,0,0fa51f9e
process,1701384078.671872,1701384093.672575,False,b232ef8c,z66vuq5vz0r5,0,0,0fa51f9e
process,1701384076.422979,1701384091.424257,False,fe9a872b,x4pslam6uq7u,0,0,0fa51f9e
process,1701384078.2222,1701384093.222995,False,8baef802,itlvh1x8ypjq,0,0,0fa51f9e
process,1701384077.743579,1701384092.744295,False,653ce824,jadbegm4e0bl,0,0,0fa51f9e
