func,start,end,is_cold,container_id,provider.request_id,blob.upload,blob.download,request_id
process,1701283210.456686,1701283215.4619,False,ef41b65f,875362dc-a314-47e6-8284-78a22b4290b6,0,0,47c34075
process,1701283210.451836,1701283215.456991,False,77da0ab3,39f5d69d-c316-4af1-8d4c-05051f8be0a3,0,0,47c34075
generate,1701283210.265938,1701283210.266005,False,e652ea52,65fc0f11-179d-49f1-ac95-ad1a560ebdea,0,0,47c34075
