func,start,end,is_cold,container_id,provider.request_id,blob.upload,blob.download,request_id
process,1701394142.30787,1701394157.31621,True,6fc13872,dt5lkxjbnf2o,0,0,f27f2c12
process,1701394141.448634,1701394156.530932,True,56be1d97,493rxkvipsex,0,0,f27f2c12
process,1701394139.862787,1701394154.863932,False,63f4a56e,768wm3pf7a8q,0,0,f27f2c12
process,1701394140.767713,1701394155.785477,True,111734da,907g0knxp8qa,0,0,f27f2c12
process,1701394139.968707,1701394154.969807,False,d3fef685,d9hb66a09b01,0,0,f27f2c12
process,1701394140.148287,1701394155.149453,False,8ce66545,64cdmx40ta9m,0,0,f27f2c12
process,1701394139.61915,1701394154.684368,True,facb4652,sxxubussmr47,0,0,f27f2c12
process,1701394138.967167,1701394153.967797,False,eb6897f6,gagi9vlbfvae,0,0,f27f2c12
process,1701394139.080238,1701394154.08084,False,89b0c614,43mth0rraoh7,0,0,f27f2c12
process,1701394139.180769,1701394154.181936,False,3ee41045,jslc2l24lrk2,0,0,f27f2c12
process,1701394139.285358,1701394154.286384,False,548a1706,g384ededo7kq,0,0,f27f2c12
process,1701394139.404521,1701394154.411207,True,8b9faffc,xqkf7fy4jnqd,0,0,f27f2c12
generate,1701394138.642305,1701394138.642523,False,120430ec,ab30c3zs9oto,0,0,f27f2c12
process,1701394139.519337,1701394154.519969,False,4abce52f,5bldlga0ongz,0,0,f27f2c12
process,1701394140.559348,1701394155.567392,True,f6e51f3a,atyrkgpir49v,0,0,f27f2c12
process,1701394138.808471,1701394153.808873,False,649605ff,tw4cm4foce22,0,0,f27f2c12
process,1701394140.343695,1701394155.344278,False,c192e3a4,6jhkhu2hzyy0,0,0,f27f2c12
