func,start,end,is_cold,container_id,provider.request_id,blob.upload,blob.download,request_id,provider.execution_duration,provider.init_duration,max_mem_used,billing.duration,billing.mem,billing.gbs
summarize,1706027582.30445,1706027583.713005,True,b38efc73,4358nkhs7934,0,0,fda2d51a,1426000.0,0.0,,,,0.0
analyse,1706027554.028771,1706027581.464902,True,b05138a9,s766lk3bzxoa,0,124596129,fda2d51a,27475000.0,0.0,,,,0.0
analyse,1706027555.97639,1706027578.313317,True,cdc6ea98,v2civ0a60d9s,0,124525957,fda2d51a,22405000.0,0.0,,,,0.0
decode,1706027547.106864,1706027553.649958,True,7adfc46a,8ybg8h7h28x9,7840386,1309217,fda2d51a,6573000.0,0.0,,,,0.0
