func,start,end,is_cold,container_id,provider.request_id,blob.upload,blob.download,request_id
analyse,1717601946.436074,1717601988.401099,True,d18cf98f,c6lloi1rm3lf,0,132375348,b865355c
summarize,1717601990.213057,1717601991.597373,True,a33f88eb,t6a0659ygkwo,0,0,b865355c
analyse,1717601945.114748,1717601988.423518,True,d08fe962,rvx2oe4w779n,0,132636183,b865355c
decode,1717601936.83707,1717601944.735415,True,3545287d,db6b9vnhj670,23729831,4168829,b865355c
