func,start,end,is_cold,container_id,provider.request_id,blob.upload,blob.download,request_id
summarize,1706488471.95121,1706488473.480648,True,d1cc8110,vxq9ob53hksp,0,0,969c2614
decode,1706488418.597026,1706488426.014956,True,6baa3b16,qnn6sgi5dr63,7840386,1309217,969c2614
analyse,1706488426.635848,1706488469.16052,True,d7921314,iqyegz8l0ryl,0,124525957,969c2614
analyse,1706488428.401616,1706488462.77022,True,25f77936,b4saoq204dmp,0,124596129,969c2614
