func,start,end,is_cold,container_id,provider.request_id,blob.upload,blob.download,request_id
reserve_hotel,1722673844.09121,1722673845.961678,True,cc55ad05,8c89c02a-ad91-4ea6-af75-3ce7fa11e70b,0,0,a937b567
cancel_rental,1722673856.344838,1722673858.31898,True,7df54514,6d5ab75c-9ec2-4c17-b3cf-51d4ced44014,0,0,a937b567
reserve_rental,1722673846.503766,1722673848.473759,True,e80a72a2,7d421bf9-8756-4f13-877e-6d29d89aabfa,0,0,a937b567
reserve_flight,1722673849.074904,1722673851.047886,True,4347cdba,d2e8c061-318a-4764-abc5-79f4e8f27ad5,0,0,a937b567
cancel_flight,1722673853.978443,1722673855.656276,True,087887a7,a96b86d8-7c1a-426e-9270-7f8ac98a3a5d,0,0,a937b567
cancel_hotel,1722673858.905813,1722673860.777452,True,f18175cf,0b3892cc-72f1-4fd7-8f78-4cda6294da5f,0,0,a937b567
