func,start,end,is_cold,container_id,provider.request_id,blob.upload,blob.download,request_id
generate,1717177108.829892,1717177108.836905,True,925363ad,ju23ozvo2cm9,0,0,ab289cd8
process,1717177110.768488,1717177119.18353,True,d7854174,ej2rxuf1z0ib,0,67108862,ab289cd8
process,1717177113.130452,1717177121.409321,True,a869dada,zgkamme67pkq,0,67108862,ab289cd8
process,1717177112.563876,1717177120.978501,True,0f356a47,l9gwabbtusl8,0,67108862,ab289cd8
process,1717177115.601403,1717177121.36054,False,5cf8f66d,ujs43ow06d3c,0,67108862,ab289cd8
process,1717177112.62257,1717177120.952766,True,19c995b6,h69trtcpfo2b,0,67108862,ab289cd8
process,1717177111.260844,1717177113.961863,True,d1eae4c4,gnna6stxs29h,0,67108862,ab289cd8
process,1717177112.614431,1717177120.885916,True,467ed388,km53iaes23uh,0,67108862,ab289cd8
process,1717177111.175578,1717177119.485125,True,0875fa9a,2h4z25tf93hp,0,67108862,ab289cd8
process,1717177115.079365,1717177120.546441,False,5cde58fe,07qjn4ekwdks,0,67108862,ab289cd8
process,1717177112.184421,1717177115.04995,True,5cde58fe,07qjxz9zk749,0,67108862,ab289cd8
process,1717177110.861674,1717177119.259536,True,733fa239,pad0490dwvs1,0,67108862,ab289cd8
process,1717177109.06433,1717177117.789189,True,ccce2104,ni0vg5r1d7he,0,67108862,ab289cd8
process,1717177112.804293,1717177120.173224,True,44a64fea,7k4dyvo50xj0,0,67108862,ab289cd8
process,1717177117.878129,1717177123.176393,False,ccce2104,ni0vt3g4wkwf,0,67108862,ab289cd8
process,1717177111.855564,1717177115.386143,True,5bbe08d6,1qkcq4oaa5tw,0,67108862,ab289cd8
process,1717177112.545436,1717177120.478433,True,9a87977d,96tgcf2qq90y,0,67108862,ab289cd8
process,1717177115.415272,1717177120.973482,False,5bbe08d6,1qkc002w6o7c,0,67108862,ab289cd8
process,1717177112.936257,1717177115.713725,True,322c1e6d,44ud08z0kyrz,0,67108862,ab289cd8
process,1717177113.162797,1717177120.465586,True,998aedcd,w11kvrw69k31,0,67108862,ab289cd8
process,1717177112.507907,1717177115.569685,True,5cf8f66d,ujs4dch0ad1r,0,67108862,ab289cd8
