func,start,end,is_cold,container_id,provider.request_id,request_id
auth,1655150768.922336,1655150768.942192,False,ad9f82da,v0ol4mzri0fk,1fef71ec
auth,1655150848.42772,1655150848.44138,False,ad9f82da,v0olh8dapiur,39181666
auth,1655150937.740313,1655150937.755135,False,ad9f82da,v0olifxfn9ak,72375124
auth,1655151018.174494,1655151018.232905,True,2c455a00,e1adsz69bdlx,b0fadc1d
auth,1655151105.197449,1655151105.217356,False,2c455a00,e1advumqf8yh,896fb01d
auth,1655151186.466812,1655151186.47977,False,2c455a00,e1adf5oyk13w,dc439eb6
auth,1655151268.712974,1655151268.727829,False,2c455a00,e1adg48mzbw6,a7adc875
auth,1655151360.741025,1655151360.754183,False,2c455a00,e1ad5a6hrd67,76dbe2e4
auth,1655151452.496718,1655151452.50976,False,2c455a00,e1adyehgsp3d,77992612
auth,1655151533.955916,1655151533.970688,False,2c455a00,e1adfakhrv5v,5068bbc5
auth,1655151624.637598,1655151624.651326,False,2c455a00,e1adebl8cxor,0e0a8574
auth,1655151706.394256,1655151706.407425,False,2c455a00,e1ad6ctnqw4w,e910b21a
auth,1655151797.892115,1655151797.906978,False,2c455a00,e1adm63xx8sp,95cb0238
auth,1655151878.549235,1655151878.565272,False,2c455a00,e1add5ox0sua,c63de5c9
auth,1655151959.035936,1655151959.049493,False,2c455a00,e1adnq60ovti,8a242182
auth,1655152050.36822,1655152050.38117,False,2c455a00,e1adk4btlvnj,c39274eb
auth,1655152141.358426,1655152141.371769,False,2c455a00,e1adtihhbmma,e53d2dc2
auth,1655152222.527384,1655152222.540302,False,2c455a00,e1ad6wfkwxst,688ca60d
auth,1655152314.127544,1655152314.140996,False,2c455a00,e1ad3jaizk1h,564156e0
auth,1655152405.350268,1655152405.366557,False,2c455a00,e1addjwtmics,9bc4d8d2
auth,1655152496.615279,1655152496.62819,False,2c455a00,e1adh1s0y67c,888bbefe
auth,1655152577.557113,1655152577.57023,False,2c455a00,e1adqr3povwa,1b1eaaae
auth,1655152657.819205,1655152657.832682,False,2c455a00,e1ado903m33e,0bee1559
auth,1655152748.402354,1655152748.415954,False,2c455a00,e1adcp4yt4h2,35aee7be
auth,1655152828.307633,1655152828.320608,False,2c455a00,e1adcifnqtoc,557066ac
auth,1655152918.642997,1655152918.658273,False,2c455a00,e1adccp3hj66,3bfa9613
auth,1655153019.102122,1655153019.115005,False,2c455a00,e1aderherka1,03252160
auth,1655153169.995326,1655153170.008496,False,2c455a00,e1ad3quikf3u,4a812387
auth,1655153253.674492,1655153253.687843,False,2c455a00,e1aduqy38l2n,86bd6ade
auth,1655153346.978667,1655153346.991457,False,2c455a00,e1ad5oyi2m28,283b0675
