func,start,end,is_cold,container_id,provider.request_id,blob.upload,blob.download,request_id
generate,1701366121.438276,1701366121.438497,False,e0c53677,bop1cpn0wvay,0,0,03173547
process,1701366121.987987,1701366126.988929,False,a717a523,pzk6r95r3vwk,0,0,03173547
process,1701366121.70635,1701366126.706852,False,22fa80a1,tfnn4zmfjto9,0,0,03173547
process,1701366122.122232,1701366127.123382,False,5192f57f,q83jo61u4c2t,0,0,03173547
process,1701366121.889769,1701366126.891145,False,41832be8,e57vt9sv5q9c,0,0,03173547
