func,start,end,is_cold,container_id,provider.request_id,blob.upload,blob.download,request_id,provider.execution_duration,provider.init_duration,max_mem_used,billing.duration,billing.mem,billing.gbs
process,1701369164.389163,1701369184.390207,False,5865bcbc,s4z2w219bel1,0,0,82ba55ae,20015000.0,0.0,,,,0.0
process,1701369164.257026,1701369184.257462,False,9db0a3e9,tdb4cyp8nqan,0,0,82ba55ae,20012000.0,0.0,,,,0.0
process,1701369164.50431,1701369184.505532,False,fb2972ab,ff3y3kr24n6l,0,0,82ba55ae,20012000.0,0.0,,,,0.0
generate,1701369163.927319,1701369163.927566,False,73bbf04d,9mww188ciilt,0,0,82ba55ae,11000.0,0.0,,,,0.0
process,1701369164.124804,1701369184.126078,False,7372348f,msrf57zi84qz,0,0,82ba55ae,20015000.0,0.0,,,,0.0
