func,start,end,is_cold,container_id,provider.request_id,blob.upload,blob.download,request_id
reencode,1706195493.291679,1706195498.516219,True,9d86da5b,xgz9168oo2h4,930381,24659340,e046e815
rebase,1706195561.1981,1706195568.624871,False,147f14f9,6ol0wpuk3csi,855746,9525868,e046e815
rebase,1706195511.232617,1706195527.232654,True,147f14f9,6ol0pdf01b2x,1193599,24585228,e046e815
encode,1706195454.230689,1706195486.760616,True,4628a1e0,3ojj0dkbbc9k,1540919,23088628,e046e815
reencode,1706195493.284982,1706195499.609983,True,5c2755c3,kv4os3iimhjt,1202422,27515255,e046e815
encode,1706195455.929308,1706195467.254061,True,70b2f4e2,y6bzt7t0in3w,1571916,23088628,e046e815
rebase,1706195527.339083,1706195543.714442,True,b6cb41b9,g6abpuc9yx7e,1186876,24562941,e046e815
encode,1706195454.991518,1706195465.516243,True,4d206bc4,nv6zmk1apcvt,1770896,25669276,e046e815
encode,1706195455.476106,1706195465.97622,True,f54a943c,e80yx2um5v1g,1574345,23088628,e046e815
split,1706195453.170648,1706195453.186225,True,0230a1f4,ns3cewxn4uhq,0,0,e046e815
encode,1706195455.998148,1706195469.300993,True,1fdb8486,lw4ku8cttj4t,1576449,23088628,e046e815
rebase,1706195543.800256,1706195553.173857,False,147f14f9,6ol0siydc39s,1094046,12345332,e046e815
reencode,1706195494.059871,1706195500.749997,True,da0525db,o550wup3e5ub,892492,24621381,e046e815
rebase,1706195553.258708,1706195561.106131,False,147f14f9,6ol0zd9ay1q8,891922,9560744,e046e815
reencode,1706195493.342657,1706195509.241274,True,b90e4891,s9kcl0g4viuw,926265,24654807,e046e815
reencode,1706195491.788518,1706195510.2343,True,f6a981bc,2m78yy3bwqg0,1131308,27436539,e046e815
