func,start,end,is_cold,container_id,provider.request_id,blob.upload,blob.download,request_id,provider.execution_duration,provider.init_duration,max_mem_used,billing.duration,billing.mem,billing.gbs
process,1717174088.404775,1717174088.455251,False,12d5da0e,e7db9451-46c4-4db6-8f50-fb3660f67ee8,0,0,623e90b0,92720.0,0.0,51.0,93.0,256.0,23808.0
process,1717174089.848606,1717174089.93529,False,12d5da0e,bf4113ea-7a5d-4cbb-893d-7fee4e454492,0,0,623e90b0,109200.0,0.0,52.0,110.0,256.0,28160.0
gen,1717174087.107291,1717174087.191975,True,f0fe1555,ada3ba9e-980c-4e6a-9064-952bbfdbe81b,0,0,623e90b0,130820.0,225950.0,50.0,131.0,256.0,33536.0
process,1717174089.021894,1717174089.112156,False,12d5da0e,d8642944-1620-463a-bc98-6d48404c79c2,0,0,623e90b0,96470.0,0.0,51.0,97.0,256.0,24832.0
process,1717174089.289584,1717174089.392524,False,12d5da0e,8c3dea5c-fc7f-4b95-a28c-64d14c51b920,0,0,623e90b0,109750.0,0.0,51.0,110.0,256.0,28160.0
process,1717174089.553073,1717174089.615761,False,12d5da0e,c3d84b7a-5955-4648-a3d1-c8b11cbbc207,0,0,623e90b0,106600.0,0.0,51.0,107.0,256.0,27392.0
process,1717174088.118061,1717174088.193402,False,12d5da0e,1f6edc54-b862-43af-bb90-36da2186e7b3,0,0,623e90b0,116000.0,0.0,51.0,117.0,256.0,29952.0
process,1717174088.760205,1717174088.8351,False,12d5da0e,6bad3e48-b397-4dbf-9356-f30d11dda93d,0,0,623e90b0,97380.0,0.0,51.0,98.0,256.0,25088.0
process,1717174087.739481,1717174087.835911,True,12d5da0e,45413bab-2439-4875-a44f-1cffa6213d8a,0,0,623e90b0,154080.0,227640.0,50.0,155.0,256.0,39680.0
