func,start,end,is_cold,container_id,provider.request_id,blob.upload,blob.download,request_id,provider.execution_duration,provider.init_duration,max_mem_used,billing.duration,billing.mem,billing.gbs
process,1701302869.19894,1701302884.208377,False,20ce313f,d327e4f0-db8e-48ab-b157-4c8692835031,0,0,5b00223b,15015730.0,0.0,46.0,15016.0,256.0,3844096.0
process,1701302869.376858,1701302884.383482,False,5c22f924,6518730a-d359-4d68-b8a2-4ba2da5a532a,0,0,5b00223b,0.0,0.0,,,,0.0
process,1701302869.37436,1701302884.389515,False,f03b2502,ac66917e-d37a-4b92-ac0d-362cf09ccd66,0,0,5b00223b,0.0,0.0,,,,0.0
process,1701302869.218431,1701302884.233574,False,03e53aa7,7180b537-6e22-432d-95d0-3ca95263960c,0,0,5b00223b,0.0,0.0,,,,0.0
process,1701302869.346562,1701302884.348253,False,c273835e,96f05871-f485-47ba-a18f-28ce3d8e635f,0,0,5b00223b,0.0,0.0,,,,0.0
process,1701302869.337816,1701302884.353365,False,36ae391b,3d8f5bc1-ae78-490f-a6f3-ebea1a2a53b4,0,0,5b00223b,0.0,0.0,,,,0.0
process,1701302869.217555,1701302884.228072,False,45b3acb5,c94ef9f9-e633-44ca-b1d3-c2d321ee788e,0,0,5b00223b,0.0,0.0,,,,0.0
process,1701302869.19998,1701302884.216132,False,3c10abfd,cceb9408-01d5-47be-b135-b28a91073d82,0,0,5b00223b,0.0,0.0,,,,0.0
generate,1701302868.977715,1701302868.977781,False,c9bb6396,18619c99-ee40-49b2-a0a3-ad7b525b1332,0,0,5b00223b,0.0,0.0,,,,0.0
process,1701302869.203746,1701302884.20499,False,d9540436,b970e8dc-6d0a-4113-add6-d18542c9c51e,0,0,5b00223b,0.0,0.0,,,,0.0
process,1701302869.373026,1701302884.374602,False,a8af31c5,47966b93-c33c-4cb5-8851-333736617fe7,0,0,5b00223b,0.0,0.0,,,,0.0
process,1701302869.212498,1701302884.227655,False,2d601ba5,2ed4d360-f5a5-4d60-b219-e44ff134fd62,0,0,5b00223b,0.0,0.0,,,,0.0
process,1701302869.256669,1701302884.272058,False,5cc2c965,735026de-796a-4326-844e-a500ab4444e4,0,0,5b00223b,0.0,0.0,,,,0.0
process,1701302869.364203,1701302884.379354,False,5b8158f9,4d22350d-6a06-4f1d-85bf-67160f6c1780,0,0,5b00223b,0.0,0.0,,,,0.0
process,1701302869.21238,1701302884.220697,False,255709d6,5e359047-5a3b-459b-b57f-1d2a3b95bd6f,0,0,5b00223b,15017850.0,0.0,46.0,15018.0,256.0,3844608.0
process,1701302869.37581,1701302884.390964,False,dfa34965,87378a4f-772f-4f5b-ac8c-ade9c3ef1b31,0,0,5b00223b,0.0,0.0,,,,0.0
process,1701302869.225429,1701302884.240582,False,4ed647ba,b11d0dcb-734b-44eb-aa37-79ea395c74dd,0,0,5b00223b,0.0,0.0,,,,0.0
