func,start,end,is_cold,container_id,provider.request_id,blob.upload,blob.download,request_id,provider.execution_duration,provider.init_duration,max_mem_used,billing.duration,billing.mem,billing.gbs
process,1706564405.614291,1706564410.626726,False,b90d71df,54ca3b9a-3bfe-4da1-b4bf-6437a980262a,0.0,0.0,1e663cf2,5063938.0,0.0,,,,0.0
generate,1706564405.416987,1706564405.420311,False,b90d71df,be754e68-120e-4f95-a630-2389a03e8c8e,0.0,0.0,1e663cf2,0.0,0.0,,,,0.0
process,1706564420.661248,1706564425.666696,False,b90d71df,469e1dc0-a0cb-4d9e-8642-7cae568fcf36,0.0,0.0,1e663cf2,19971597.0,0.0,,,,0.0
run_workflow,1706564425.784816,1706564425.795202,,,,,,1e663cf2,0.0,0.0,,,,0.0
process,1706564410.636405,1706564415.638829,False,b90d71df,8839fe4e-604e-4131-b001-cb5b0caa9115,0.0,0.0,1e663cf2,10010929.0,0.0,,,,0.0
process,1706564415.648273,1706564420.653268,False,b90d71df,32e44f65-967f-4846-8f8c-07ecb50783f3,0.0,0.0,1e663cf2,15005574.0,0.0,,,,0.0
