func,start,end,is_cold,container_id,provider.request_id,blob.upload,blob.download,request_id
process,1701295911.311398,1701295931.331899,False,355ab0a8,fdb43d3a-f2dc-44a5-b804-fe92e56df4aa,0,0,ea84a903
process,1701295911.282383,1701295931.302529,False,44084835,578c9885-a19d-449e-8baa-18fafaee8903,0,0,ea84a903
process,1701295911.321836,1701295931.341981,False,22759a10,114708f5-ae29-44aa-94be-2e748864de10,0,0,ea84a903
process,1701295911.317733,1701295931.333529,False,8bdb9d7b,353d01a3-4ace-4927-834a-5a70200ddf7c,0,0,ea84a903
process,1701295911.286726,1701295931.306873,False,33b038ea,8b00307c-acfb-4378-bed1-42073287664a,0,0,ea84a903
generate,1701295911.034117,1701295911.034187,False,e0f98c38,0fbcd169-b8df-4cb3-8c75-123592ae88af,0,0,ea84a903
process,1701295911.29715,1701295931.317853,False,f4af8929,3537a22a-2b5c-4584-9acc-247465e35e4a,0,0,ea84a903
process,1701295911.287183,1701295931.307372,False,a6f50bd6,692f315a-95bf-4a7b-9988-74ee83c96301,0,0,ea84a903
process,1701295911.292924,1701295931.313043,False,fba35158,aac18d13-a1a8-441e-8c1d-9c51ce23d6f0,0,0,ea84a903
