func,start,end,is_cold,container_id,provider.request_id,request_id
auth,1655153654.060482,1655153654.114721,True,22414791,sdfex6kas3x9,fb0a0003
auth,1655153653.252686,1655153653.265362,False,c907ca69,7v2jh3nfgnl2,493da3e0
auth,1655153652.43698,1655153652.450755,False,c907ca69,7v2j06fs0y2s,5474fd05
auth,1655153653.840665,1655153653.912037,True,8e68c0c8,19btc9imlpe1,e8ceccd0
auth,1655153653.366826,1655153653.412794,True,d0f4163b,ml1y3yu3i0bj,3e7d23c7
auth,1655153653.900889,1655153653.952515,True,3aa256e5,p5r3kbzrbi4j,dfe5f4c1
auth,1655153653.698851,1655153653.75724,True,5edd3aa1,2dkmkm26tmou,07152fa0
auth,1655153653.698132,1655153653.75724,True,ce7e2878,3t0b4yzklgrb,7bcf2ce0
auth,1655153654.710436,1655153654.750214,True,9bb49dd8,oilu02tt7l78,70a1d47a
auth,1655153652.49021,1655153652.503271,False,c907ca69,7v2jla5rm6rb,0155f70b
auth,1655153655.510449,1655153655.548657,False,5c5b8cdd,hhpffnd71r3p,8e6af924
auth,1655153653.847667,1655153653.912591,True,f7346186,acarmbav9h8s,3188f46a
auth,1655153653.707082,1655153653.749779,True,b669c7a1,xo58v9h01vpq,af623129
auth,1655153655.479213,1655153655.493092,False,5c5b8cdd,hhpflo0iclfe,83915411
auth,1655153652.815369,1655153652.828604,False,c907ca69,7v2jlbioj21m,17fa56d1
auth,1655153655.512078,1655153655.565423,True,9f670772,xrgd49q5o24z,c72bf0cc
auth,1655153653.899841,1655153653.953424,True,4661dd35,bcckyyf44kq6,3eb368d7
auth,1655153652.371862,1655153652.385082,False,c907ca69,7v2juuyhcplb,95bdb9d3
auth,1655153655.52633,1655153655.584244,True,ff6d2275,qq0pp1e7tpel,0883510d
auth,1655153653.665089,1655153653.713218,True,4819f8ec,1qakzbfhuf9u,b7eb6e10
auth,1655153652.063112,1655153652.152425,True,c907ca69,7v2j7talay8b,cfc14e1e
auth,1655153654.762074,1655153654.806984,True,cbfdc32a,82yx8573ra2h,5338e4e2
auth,1655153654.399081,1655153654.442462,True,35aaa1a2,zqz0co1lu6uz,cc0fd843
auth,1655153653.919251,1655153653.983512,True,d07289a7,bj8rj51g27xq,44f17c56
auth,1655153654.352755,1655153654.406345,True,51fb603a,3oqtm2bwzml0,07b44a1a
auth,1655153653.927496,1655153653.983751,True,e6beb6ad,o1aiko9eia5z,8361a3ab
auth,1655153652.402147,1655153652.420559,False,c907ca69,7v2j7tvel1lw,0a5583ce
auth,1655153653.360167,1655153653.412852,True,5429e3f4,xgcvs0tnk9ms,28d0f43d
auth,1655153655.358763,1655153655.428374,True,5c5b8cdd,hhpfhr1f31l8,f9e063d7
auth,1655153653.827139,1655153653.880967,True,5c874e0b,2syzvub81fsz,767e3bae
