func,start,end,is_cold,container_id,provider.request_id,blob.upload,blob.download,request_id
process,1706577061.996125,1706577082.012288,False,c4efdd49,44266920-1ca9-439b-94e4-74bca0661a6c,0.0,0.0,b840d019
process,1706577378.554278,1706577398.575,False,c4efdd49,190c054a-03a3-4392-81ed-c2dda135f3ba,0.0,0.0,b840d019
process,1706577035.550219,1706577055.56219,False,b5c66ffd,dfe261e5-9dad-4983-b515-c8ee25aada9a,0.0,0.0,b840d019
process,1706577418.618636,1706577438.639383,False,c4efdd49,2abe9e1b-e876-4c17-8b89-c153ea8ef340,0.0,0.0,b840d019
process,1706577082.026631,1706577102.05468,False,c4efdd49,4ee95a42-ecfe-4c70-8e24-788d9549e153,0.0,0.0,b840d019
process,1706577438.658571,1706577458.678853,False,c4efdd49,bd437c4e-2172-4c24-b7b7-798fb748bb20,0.0,0.0,b840d019
run_workflow,1706577498.885351,1706577498.8864381,,,,,,b840d019
process,1706577001.896718,1706577021.921214,False,c4efdd49,c60962e4-053e-4743-ac26-72e8d399b134,0.0,0.0,b840d019
process,1706577478.721041,1706577498.739104,False,c4efdd49,2afbc189-58ac-480d-8eff-b06eadac67a1,0.0,0.0,b840d019
process,1706577358.523619,1706577378.541246,False,c4efdd49,2d16f18f-b67c-4018-a5f2-aa11032130f4,0.0,0.0,b840d019
process,1706576995.494256,1706577015.51523,False,b5c66ffd,19f69d37-1862-4730-8508-a35a3394f181,0.0,0.0,b840d019
process,1706577041.96692,1706577061.984396,False,c4efdd49,09ceba7f-acab-4034-baeb-af1c441e8da3,0.0,0.0,b840d019
process,1706577015.524364,1706577035.542406,False,b5c66ffd,caf888aa-7a4f-4c93-bdd4-9e72600606c0,0.0,0.0,b840d019
process,1706577398.588436,1706577418.60356,False,c4efdd49,8058f58a-327e-4837-816a-384650a9d315,0.0,0.0,b840d019
generate,1706576995.360308,1706576995.362425,False,b5c66ffd,4cff131b-ab29-42b9-a95f-dd74d7816785,0.0,0.0,b840d019
process,1706577458.694223,1706577478.705533,False,c4efdd49,42914639-a5e7-4a42-bff3-844b6b2a16b6,0.0,0.0,b840d019
process,1706577102.068206,1706577122.073767,False,c4efdd49,b905885c-4182-45fd-b3e4-24e7c9400665,0.0,0.0,b840d019
process,1706577021.937375,1706577041.9538,False,c4efdd49,a94642f2-8bfa-44c9-a256-3d6c1d3e69cc,0.0,0.0,b840d019
