func,start,end,is_cold,container_id,provider.request_id,blob.upload,blob.download,request_id
individuals,1706219687.913264,1706219766.493441,True,df1aff4b,wg6aiepfe9bl,107857,20078,1b62c3aa
individuals,1706219687.536997,1706219762.195064,True,c87685bc,rfhuokze6nfd,77019,20078,1b62c3aa
individuals,1706219688.426887,1706219767.299901,True,c3cf5901,9ct9qgwxm3hx,91510,20078,1b62c3aa
individuals,1706219687.43123,1706219765.997082,True,795e62cc,oiqy2l5ikl1h,72434,20078,1b62c3aa
individuals,1706219686.940094,1706219745.042357,True,d880b105,z5xnmgny2qxs,72622,20078,1b62c3aa
individuals,1706219687.314607,1706219762.732176,True,a0ccfeb2,q80ozt4bfx0e,66152,20078,1b62c3aa
individuals,1706219687.65124,1706219746.213228,True,dd207502,zn0tx2mf47bn,87035,20078,1b62c3aa
individuals,1706219688.390239,1706219767.001315,True,c7268d9f,10o7ikul83zn,85409,20078,1b62c3aa
individuals,1706219687.65887,1706219746.157635,True,83e6c11c,mo9qdreyia08,84334,20078,1b62c3aa
individuals,1706219685.59513,1706219760.991497,True,e17c965e,livj4pckqbqp,73591,20078,1b62c3aa
