func,start,end,is_cold,container_id,provider.request_id,blob.upload,blob.download,request_id
process,1701290094.897501,1701290095.898649,False,8e98bfd3,bc81d30b-26c3-48f6-9954-3f743451160e,0,0,fa9d170c
process,1701290094.913055,1701290095.913994,False,1e413691,0d4bf955-fe41-4cba-8f9a-afefe7ffbe5e,0,0,fa9d170c
process,1701290094.916491,1701290095.917365,False,4bbd8e53,6a5707e9-fc4b-42e8-8d1b-a22c14ed438d,0,0,fa9d170c
process,1701290094.904273,1701290095.904546,False,e185099a,ea586af5-888c-4b9f-9bfb-a5f4512ca081,0,0,fa9d170c
process,1701290094.918423,1701290095.919552,False,aa0819b7,f905e192-e4c2-4e50-8600-edb449afcb8c,0,0,fa9d170c
process,1701290094.912715,1701290095.913847,False,944e9b5b,70cfdb78-1cf9-4e4f-8835-00556556c20a,0,0,fa9d170c
process,1701290094.906656,1701290095.907615,False,c3ac733d,6e4a381e-bab2-4701-94f3-a5861969671c,0,0,fa9d170c
process,1701290094.894046,1701290095.89516,False,96f88a26,a8fef6cd-1b03-4f17-988c-744fbde67f3c,0,0,fa9d170c
generate,1701290094.725669,1701290094.72574,False,c379cc6e,1b1f0cb2-8447-4e2c-8a93-b15ad7a39c3e,0,0,fa9d170c
