func,start,end,is_cold,container_id,provider.request_id,blob.upload,blob.download,request_id
analyse,1717595585.891256,1717595606.576362,True,58c2918a,b282c750-273f-4bb0-b159-b0624129c8c1,0,132636183,159e8f6d
analyse,1717595585.84049,1717595605.761084,True,abcbd323,793dfae8-402e-451a-b3ff-369927f541c6,0,132375348,159e8f6d
summarize,1717595607.83865,1717595607.960446,True,342d3490,7c2973b1-c376-4c30-b65e-508e3cda7227,0,0,159e8f6d
decode,1717595581.251768,1717595584.433252,True,01f2885d,f7eb245f-9b8b-4f2f-80de-d4a8b6821f61,23729831,4168829,159e8f6d
