func,start,end,is_cold,container_id,provider.request_id,blob.upload,blob.download,request_id,provider.execution_duration,provider.init_duration,max_mem_used,billing.duration,billing.mem,billing.gbs
analyse,1717595585.891256,1717595606.576362,True,58c2918a,b282c750-273f-4bb0-b159-b0624129c8c1,0,132636183,159e8f6d,20693110.0,229880.0,1237.0,20694.0,2048.0,42381312.0
analyse,1717595585.84049,1717595605.761084,True,abcbd323,793dfae8-402e-451a-b3ff-369927f541c6,0,132375348,159e8f6d,19928210.0,226340.0,1236.0,19929.0,2048.0,40814592.0
summarize,1717595607.83865,1717595607.960446,True,342d3490,7c2973b1-c376-4c30-b65e-508e3cda7227,0,0,159e8f6d,131870.0,175130.0,60.0,132.0,2048.0,270336.0
decode,1717595581.251768,1717595584.433252,True,01f2885d,f7eb245f-9b8b-4f2f-80de-d4a8b6821f61,23729831,4168829,159e8f6d,3189190.0,171860.0,363.0,3190.0,2048.0,6533120.0
