func,start,end,is_cold,container_id,provider.request_id,blob.upload,blob.download,request_id
analyse,1717596973.082805,1717596994.731496,True,4514250d,cce838c3-4948-464b-af58-0a3068a885dd,0,132375348,a716aa6f
analyse,1717596973.21818,1717596993.749642,True,76ff3120,3b9af8a8-3666-4071-8e98-85e62c807db5,0,132636183,a716aa6f
decode,1717596968.37395,1717596971.856949,True,a8593127,e6663cff-8c15-43af-ab0a-bf36a41cf2d8,23729831,4168829,a716aa6f
summarize,1717596996.424278,1717596996.564765,True,7ea824ca,20615fbf-52be-49c8-9630-2f01ce4cfb05,0,0,a716aa6f
