func,start,end,is_cold,container_id,provider.request_id,blob.upload,blob.download,request_id,provider.execution_duration,provider.init_duration,max_mem_used,billing.duration,billing.mem,billing.gbs
analyse,1706287444.528081,1706287464.823731,True,cc7bc3a9,de8c3190-3cff-40e4-b3ca-78b935a61fcd,0,124525957,a69638ff,20307360.0,228530.0,1130.0,20308.0,2048.0,41590784.0
analyse,1706287444.478805,1706287470.932132,True,843da1c3,f1553ffb-1811-4a6e-a0f2-4d8ae1a7bd3c,0,124596129,a69638ff,26460550.0,199010.0,1138.0,26461.0,2048.0,54192128.0
summarize,1706287473.125168,1706287473.262997,True,cdce0455,38fb87ae-28b4-49df-a68f-611d0102158f,0,0,a69638ff,147660.0,227050.0,59.0,148.0,2048.0,303104.0
decode,1706287440.022274,1706287442.999329,True,5ea48058,874aacdc-1271-49ef-8fb5-6a2049c1725a,7840386,1309217,a69638ff,2983730.0,232310.0,189.0,2984.0,2048.0,6111232.0
