func,start,end,is_cold,container_id,provider.request_id,blob.upload,blob.download,request_id
process,1701390055.521193,1701390060.521642,False,26ba79db,wrrnc475scb3,0,0,d0c50b51
process,1701390055.284061,1701390060.286976,False,4ff85a0d,i5hwuvo47ksf,0,0,d0c50b51
process,1701390055.079764,1701390060.081048,False,942a02b1,yg1od9l6r8lp,0,0,d0c50b51
process,1701390056.363898,1701390061.3646,False,6ad5ff60,baegb4ucc0r3,0,0,d0c50b51
process,1701390055.741929,1701390060.743169,False,c8dd5893,y2oygplaeal9,0,0,d0c50b51
process,1701390055.865346,1701390060.866106,False,d2ebc71d,4rg0vidlwao1,0,0,d0c50b51
process,1701390055.624297,1701390060.625546,False,134c4bbf,lgb8a77pbn4f,0,0,d0c50b51
process,1701390055.186727,1701390060.188079,False,0e565eac,fggrm3sieind,0,0,d0c50b51
process,1701390054.978178,1701390059.978914,False,289c33c2,ww0qxvmb46fm,0,0,d0c50b51
process,1701390056.144658,1701390061.145716,False,de449aa7,ag5xu4co5eo0,0,0,d0c50b51
generate,1701390054.790288,1701390054.79051,False,e8ba1f6c,tdh0y0yajpkc,0,0,d0c50b51
process,1701390056.242757,1701390061.243259,False,98c46df9,1kjthgvyvzlq,0,0,d0c50b51
process,1701390056.486189,1701390061.487035,False,afcea497,v0zovk1yr7pu,0,0,d0c50b51
process,1701390056.059037,1701390061.060969,False,869060c3,sgpvslvpodcb,0,0,d0c50b51
process,1701390056.590164,1701390061.591178,False,f5831883,063a4egyst8r,0,0,d0c50b51
process,1701390055.958467,1701390060.959224,False,6891d926,r172mu8rpoje,0,0,d0c50b51
process,1701390055.422967,1701390060.424706,False,165499f2,llq9664g1gm4,0,0,d0c50b51
