func,start,end,is_cold,container_id,provider.request_id,blob.upload,blob.download,request_id
generate,1701297542.996679,1701297542.996776,False,9a635064,2bb75392-8072-45d8-87c2-e06075279b06,0,0,d60531bc
process,1701297543.358416,1701297544.359548,False,f57f0db9,cac58e66-74f2-4371-b36e-bb609eb93a60,0,0,d60531bc
process,1701297543.222489,1701297544.22308,False,271bd8f0,6e862d8c-4e31-4a2a-a2b2-ce922c336a7b,0,0,d60531bc
process,1701297543.21648,1701297544.216922,False,98583136,49328910-b021-4c4b-8421-ddc943a66f77,0,0,d60531bc
process,1701297543.359897,1701297544.36103,False,4a97e3a9,50b798bc-3f12-4911-857a-e55234a4f73f,0,0,d60531bc
process,1701297543.327018,1701297544.328135,False,3f044cb3,61a2086b-03aa-4f9f-921e-c8d3450dc0c1,0,0,d60531bc
process,1701297543.253059,1701297544.254111,False,19c6112c,d28c6734-2dc9-4bbf-8717-7bd7dfe6e621,0,0,d60531bc
process,1701297543.330561,1701297544.331539,False,c343df12,b6beb423-f70f-4050-b1e0-24f5e6b3b9aa,0,0,d60531bc
process,1701297543.244031,1701297544.245154,False,d2557858,3182bd6d-ad8f-41ee-bcd4-3b2dfba6ca23,0,0,d60531bc
process,1701297543.344557,1701297544.345092,False,7f418fd3,88725c5e-b3a3-4e8e-8fab-7551061a9e68,0,0,d60531bc
process,1701297543.370041,1701297544.37117,False,4c42f753,3c0bee5e-2e64-4fe4-98e9-1bb66396dfeb,0,0,d60531bc
process,1701297543.234437,1701297544.235362,False,55cd4037,4abde3bd-50f1-4054-aa7d-fa3af855cb99,0,0,d60531bc
process,1701297543.214429,1701297544.215578,False,63d49549,4bf392fa-81a6-4468-9c0b-da407b9a6a1b,0,0,d60531bc
process,1701297543.194695,1701297544.195533,False,06af0f07,4be824d9-a452-4ae3-a2df-1f42130d1fd3,0,0,d60531bc
process,1701297543.359332,1701297544.360452,False,c9e0fcf5,237218d8-472a-4333-aa7d-b776dc3d903d,0,0,d60531bc
process,1701297543.232901,1701297544.233315,False,64fb9f7d,035bff94-053f-45e2-9bf0-36735704fbab,0,0,d60531bc
process,1701297543.249137,1701297544.250283,False,f2c51484,29bc3c35-70dc-4245-9e07-626794e9e578,0,0,d60531bc
