func,start,end,is_cold,container_id,provider.request_id,blob.upload,blob.download,request_id
process,1717176514.26743,1717176519.97547,True,e5523ad9,2jqzohbkig4m,0,33554430,d5264f54
process,1717176512.591059,1717176518.577204,True,99051ade,xy2zp6qqqtvr,0,33554430,d5264f54
process,1717176514.532482,1717176519.766991,True,414a3770,1ywbmyknmdpo,0,33554430,d5264f54
process,1717176517.636652,1717176519.501871,True,aacb5299,852pcq9gqlqd,0,33554430,d5264f54
generate,1717176512.343021,1717176512.354634,True,0c057aed,trkpy9qvcjbg,0,0,d5264f54
process,1717176517.084261,1717176521.99439,True,f30bc46b,mt6cfibpfxse,0,33554430,d5264f54
process,1717176515.988483,1717176521.277566,True,03962ef5,401qd7nuykxv,0,33554430,d5264f54
process,1717176515.411121,1717176519.910584,True,c80d8131,zpx1u71t4ojt,0,33554430,d5264f54
process,1717176516.759459,1717176521.964397,True,dea34375,v09urkerp9ts,0,33554430,d5264f54
process,1717176517.496911,1717176519.753844,True,6f005037,0deqjvd8b1i2,0,33554430,d5264f54
process,1717176515.087336,1717176517.208741,True,e723a0ff,9wtohzx91yqm,0,33554430,d5264f54
process,1717176517.948346,1717176522.385107,True,146471eb,c9izqdqdh6jd,0,33554430,d5264f54
process,1717176515.075335,1717176517.87153,True,730c215a,olvxnlorwkgi,0,33554430,d5264f54
process,1717176516.552124,1717176519.004329,True,d66abeb8,irtb707vwxyb,0,33554430,d5264f54
process,1717176514.095875,1717176519.986228,True,67a23f2e,pmo2tbrdihq2,0,33554430,d5264f54
process,1717176515.148491,1717176519.805391,True,04b0ee6b,by3ii7knmppv,0,33554430,d5264f54
process,1717176516.788287,1717176521.867436,True,8efc37c9,khaomc9myev1,0,33554430,d5264f54
process,1717176519.525146,1717176521.790897,False,aacb5299,852pmrkq148l,0,33554430,d5264f54
process,1717176515.118753,1717176517.323348,True,73487b93,7boul83kimn5,0,33554430,d5264f54
process,1717176516.204902,1717176521.582156,True,3383c020,t8k45bm12hy2,0,33554430,d5264f54
process,1717176516.657809,1717176518.849246,True,12715ebd,qa5ii0ggmlic,0,33554430,d5264f54
