func,start,end,is_cold,container_id,provider.request_id,blob.upload,blob.download,request_id
process,1706573342.455003,1706573347.458691,False,831508a7,810f1e9a-a1b9-4003-abe5-ff13a783cbda,0.0,0.0,d91b40c6
process,1706573322.391423,1706573327.39738,False,831508a7,0ac1ab05-f72d-43e8-89b6-87072d853d18,0.0,0.0,d91b40c6
process,1706573367.541659,1706573372.548,False,831508a7,9b34d95f-2edc-44bb-bcff-0846eca2715b,0.0,0.0,d91b40c6
process,1706573337.441262,1706573342.447029,False,831508a7,f06f007e-b5ff-4815-804e-402adfc573c7,0.0,0.0,d91b40c6
process,1706573328.332298,1706573333.344217,True,e57bed89,a9adf565-ee4c-4462-b99a-888a34cdee64,0.0,0.0,d91b40c6
process,1706573338.375207,1706573343.377278,False,e57bed89,022ff27b-b1be-4eb9-a493-d096c16d281f,0.0,0.0,d91b40c6
run_workflow,1706573377.728118,1706573377.729512,,,,,,d91b40c6
process,1706573333.355092,1706573338.36365,False,e57bed89,e2250ec3-a1ec-4957-8d91-575294ba8ad0,0.0,0.0,d91b40c6
generate,1706573322.008916,1706573322.009655,False,831508a7,b300f32f-e684-4480-9785-01d17b988c28,0.0,0.0,d91b40c6
process,1706573357.51101,1706573362.513307,False,831508a7,508ee2b1-f6ff-4d9b-8a44-c588be8595cd,0.0,0.0,d91b40c6
process,1706573347.467349,1706573352.483466,False,831508a7,024e5d1d-790f-4fce-b476-2b86726fca42,0.0,0.0,d91b40c6
process,1706573362.527343,1706573367.532048,False,831508a7,f16d6d7d-8a61-487a-9bfe-e8a09e633bca,0.0,0.0,d91b40c6
process,1706573327.408893,1706573332.412362,False,831508a7,10f0d731-9deb-4c80-ba46-d4dfb41b7b45,0.0,0.0,d91b40c6
process,1706573352.493377,1706573357.499725,False,831508a7,8c2306cc-7c7f-46e8-85f3-c8dd7fe81a14,0.0,0.0,d91b40c6
process,1706573372.556384,1706573377.562193,False,831508a7,29cb2215-ca42-4348-ba3f-c9ad3276f41b,0.0,0.0,d91b40c6
process,1706573348.409598,1706573353.415644,False,e57bed89,427444a9-e36f-4cea-9c02-a3279307b830,0.0,0.0,d91b40c6
process,1706573332.426318,1706573337.43312,False,831508a7,df36f60c-6da4-4e15-8c41-1232ec265f18,0.0,0.0,d91b40c6
process,1706573343.390069,1706573348.399207,False,e57bed89,7b237abd-4716-4284-9e06-be800cd6cfc4,0.0,0.0,d91b40c6
