func,start,end,is_cold,container_id,provider.request_id,blob.upload,blob.download,request_id
process,1717179476.823897,1717179477.91896,True,76bf115e,99fd8178-faf0-421f-8c53-ff99518ed642,0,1022,b07a42d3
process,1717179476.958887,1717179478.149682,True,364a01df,11a1d982-20fe-47a5-8ff4-94e470e832a9,0,1022,b07a42d3
process,1717179476.901972,1717179477.887889,True,5bf09be6,f3515999-49be-4297-9b11-47d613b5daff,0,1022,b07a42d3
process,1717179476.906247,1717179478.077609,True,47a43eb7,3f7e44a3-9a92-4af4-9f66-33ffb9c86588,0,1022,b07a42d3
process,1717179476.890268,1717179478.035216,True,ff10e8be,bf9c1511-8f8f-49ed-920c-4a7039e6a151,0,1022,b07a42d3
process,1717179476.947649,1717179478.085519,True,2892988f,0c6cef5c-5baa-48ba-9f21-9498f0320801,0,1022,b07a42d3
process,1717179476.874126,1717179478.065206,True,b07ed2a8,aac05530-4e8c-4b12-a635-5ea51f0de401,0,1022,b07a42d3
process,1717179476.957455,1717179478.122724,True,7c594a43,43477a62-0222-493b-b24f-6949f0eba93c,0,1022,b07a42d3
process,1717179477.025325,1717179478.199762,True,16401bf9,f0028df4-a8ef-48c5-baeb-838a7ae7c46e,0,1022,b07a42d3
process,1717179476.853783,1717179477.975012,True,8894916d,65097960-bb4e-44ec-8ef3-84b530dbd000,0,1022,b07a42d3
process,1717179476.969445,1717179478.139798,True,ccf63f29,f8f1eb4e-6cb6-4510-8a56-fb2ffa77d4b6,0,1022,b07a42d3
process,1717179476.939728,1717179478.072651,True,1fddcb4a,b582bb65-6aeb-4a7a-9af6-2dd0559dac02,0,1022,b07a42d3
process,1717179476.9019,1717179478.120767,True,73d985c5,6b0bc0a0-a186-41b8-8102-7061311d058f,0,1022,b07a42d3
process,1717179476.828078,1717179477.943905,True,cd47dd36,8b83a463-6732-4075-a40e-d479866a2762,0,1022,b07a42d3
generate,1717179476.18766,1717179476.190051,True,660abaa6,80fcc77f-aeaa-4d4b-8a8d-cc12f71d3515,0,0,b07a42d3
process,1717179476.852332,1717179478.045196,True,1f8f7951,b0417935-4084-4f66-8ef1-65589c0c9ae8,0,1022,b07a42d3
process,1717179476.832927,1717179477.967657,True,a0756317,98979805-6fed-4167-ab5e-3e434b0642bb,0,1022,b07a42d3
process,1717179476.807129,1717179477.813099,True,0fa61016,9a5388a4-e5d7-48d8-b91b-9eca5daf8e02,0,1022,b07a42d3
process,1717179476.964602,1717179478.145971,True,a9178d80,13216b92-2eaf-494d-9793-f75162288e7a,0,1022,b07a42d3
process,1717179476.910245,1717179478.070453,True,2aeb9e45,ffdf7c45-8fb0-4894-98c6-f8aefe75c975,0,1022,b07a42d3
process,1717179476.888823,1717179478.12275,True,03d9f69a,8ddb95aa-9617-4b97-aee6-878168d341d5,0,1022,b07a42d3
