func,start,end,is_cold,container_id,provider.request_id,blob.upload,blob.download,request_id
process,1717174844.704882,1717174846.645361,False,5e3c11e1,d1deae1f-6e6f-42e0-a2ae-df9751a4451d,0,0,dd717cbe
process,1717174834.763248,1717174836.705496,False,5e3c11e1,7da8f0e0-ce14-4258-b6f3-a507be84c503,0,0,dd717cbe
process,1717174847.124432,1717174849.084158,False,5e3c11e1,3513d368-1ff5-4ceb-a263-6fd953ba992e,0,0,dd717cbe
gen,1717174826.696758,1717174828.780766,True,e0069d91,522e5716-8310-4973-9488-1c729e6d3c93,0,0,dd717cbe
process,1717174837.225294,1717174839.203324,False,5e3c11e1,c7f8e32c-2606-41af-9bd9-1db63686bb8d,0,0,dd717cbe
process,1717174832.302232,1717174834.263585,False,5e3c11e1,6141588d-f6dd-4372-8da2-99a62f480850,0,0,dd717cbe
process,1717174839.822825,1717174841.742477,False,5e3c11e1,206b521d-4571-47e6-87ed-a982cebb90f5,0,0,dd717cbe
process,1717174829.682928,1717174831.72349,True,5e3c11e1,be34f8bb-d6a7-4706-b479-eeb74726e6c4,0,0,dd717cbe
process,1717174842.263297,1717174844.205334,False,5e3c11e1,1571b454-9030-4d95-9190-23a00bb5ba67,0,0,dd717cbe
