func,start,end,is_cold,container_id,provider.request_id,blob.upload,blob.download,request_id
mutation_overlap,1706204717.102693,1706204728.397961,True,56903055,u6114ns7jhs7,152507,486850,1410516e
individuals,1706204528.301278,1706204699.987449,True,ce6d52d8,ydsn4nikamk7,137141,20078,1410516e
mutation_overlap,1706204716.954426,1706204728.350459,True,5c05b59e,lqw91j1xrqqa,152830,485786,1410516e
frequency,1706204717.697524,1706204866.929478,True,3a94c037,y6mxcme9d1ib,274548,482394,1410516e
individuals,1706204527.230483,1706204644.82686,True,148439ed,ytp1didriamn,85351,20078,1410516e
frequency,1706204716.771506,1706204903.704728,True,0997dd34,ojzalqe7y4nc,318635,486434,1410516e
individuals_merge,1706204704.408612,1706204714.874889,True,c7d9c521,korwa4u2pi9j,284844,522697,1410516e
mutation_overlap,1706204716.994017,1706204730.703891,True,8e8fa705,k4q2r1cgwpdq,156581,489626,1410516e
sifting,1706204705.681578,1706204714.306467,True,d0a7f893,4ggbzykzdlqj,176616,267806263,1410516e
frequency,1706204716.820853,1706204866.394503,True,18ba07be,p3nn2530eago,340778,509538,1410516e
individuals,1706204526.613618,1706204664.362497,True,f4a605f4,hy5z4aw1wsmv,118146,20078,1410516e
frequency,1706204717.791774,1706204898.892558,True,819b157d,7bh12bn2tg00,319766,486850,1410516e
frequency,1706204715.388173,1706204890.075887,True,43fb4684,43cgpm3pu0yo,325415,489626,1410516e
mutation_overlap,1706204717.186863,1706204728.603061,True,898c5673,55npkcsskd9v,153630,486434,1410516e
frequency,1706204716.762144,1706204865.291009,True,f7c4b8cc,fh2es37pkv5r,311053,485786,1410516e
mutation_overlap,1706204717.157795,1706204727.390409,True,144a7373,x0eq472irmbt,147151,482394,1410516e
individuals,1706204527.348849,1706204664.824929,True,2773cb2c,87fjfd6tomnl,80445,20078,1410516e
individuals,1706204528.338142,1706204699.568616,True,81332d23,o1s3g6pzlmy7,101614,20078,1410516e
mutation_overlap,1706204715.362292,1706204748.019737,True,8b22b0c0,eib5yo9nhiwr,179011,509538,1410516e
