func,start,end,is_cold,container_id,provider.request_id,blob.upload,blob.download,request_id,provider.execution_duration,provider.init_duration,max_mem_used,billing.duration,billing.mem,billing.gbs
process,1717173721.73301,1717173721.736085,False,06e8fbfe,46c92284-2358-4ea9-a062-3a37bda60180,0,0,6932c068,19110.0,0.0,50.0,20.0,256.0,5120.0
process,1717173721.091129,1717173721.124896,True,06e8fbfe,79bae7c8-a1c7-4416-b51b-1403049255c3,0,0,6932c068,62150.0,220480.0,50.0,63.0,256.0,16128.0
gen,1717173720.526489,1717173720.564279,True,5e2c95e5,d54d41e2-dd48-4bd4-9c4a-33d88ac5a5cf,0,0,6932c068,62250.0,237960.0,49.0,63.0,256.0,16128.0
process,1717173721.522869,1717173721.526071,False,06e8fbfe,3a7d9e2c-eb73-404d-ad54-88771c278cd0,0,0,6932c068,27820.0,0.0,50.0,28.0,256.0,7168.0
process,1717173721.32952,1717173721.332893,False,06e8fbfe,3fa9c649-29e6-43b6-adba-784992148af2,0,0,6932c068,20800.0,0.0,50.0,21.0,256.0,5376.0
process,1717173722.146003,1717173722.149178,False,06e8fbfe,1e926236-3680-4cf6-8d98-dcfd70ea0e76,0,0,6932c068,29640.0,0.0,50.0,30.0,256.0,7680.0
process,1717173722.37842,1717173722.381558,False,06e8fbfe,cd229623-1999-4ebf-88f6-573599644b4d,0,0,6932c068,11510.0,0.0,51.0,12.0,256.0,3072.0
process,1717173722.581933,1717173722.585095,False,06e8fbfe,b7f76109-deba-45e5-a850-7bda32f6248c,0,0,6932c068,28970.0,0.0,51.0,29.0,256.0,7424.0
process,1717173721.922668,1717173721.925835,False,06e8fbfe,aa8d4c7b-92ff-4818-9806-080b1d926d66,0,0,6932c068,28390.0,0.0,50.0,29.0,256.0,7424.0
