func,start,end,is_cold,container_id,provider.request_id,blob.upload,blob.download,request_id,provider.execution_duration,provider.init_duration,max_mem_used,billing.duration,billing.mem,billing.gbs
process,1701365210.981714,1701365211.982817,False,de903993,wjmoneau2xft,0,0,7c292c6e,1012000.0,0.0,,,,0.0
generate,1701365210.435379,1701365210.435603,False,4ed03358,rydzeyq4k3wj,0,0,7c292c6e,14000.0,0.0,,,,0.0
process,1701365210.746992,1701365211.74817,False,ebb8faa3,mupyjxmgcf2d,0,0,7c292c6e,1011000.0,0.0,,,,0.0
process,1701365210.643902,1701365211.645544,False,3ca26472,k4sgyfw212g9,0,0,7c292c6e,1017000.0,0.0,,,,0.0
process,1701365210.870109,1701365211.872797,False,1720d5ec,k4u5zzjqmuf2,0,0,7c292c6e,1033000.0,0.0,,,,0.0
