func,start,end,is_cold,container_id,provider.request_id,blob.upload,blob.download,request_id,provider.execution_duration,provider.init_duration,max_mem_used,billing.duration,billing.mem,billing.gbs
process,1706571178.340647,1706571178.45037,False,495c5243,b16d5dpxa7g8,0,0,d4e5e88a,120000.0,0.0,,,,0.0
process,1706571177.925021,1706571177.956891,False,495c5243,b16dm9lzh0p0,0,0,d4e5e88a,42000.0,0.0,,,,0.0
process,1706571177.533683,1706571177.566816,False,495c5243,b16d28igfssn,0,0,d4e5e88a,125000.0,0.0,,,,0.0
process,1706571177.733874,1706571177.764888,False,495c5243,b16d5y08651l,0,0,d4e5e88a,120000.0,0.0,,,,0.0
process,1706571177.258085,1706571177.452354,True,495c5243,b16dn45jh47v,0,0,d4e5e88a,221000.0,0.0,,,,0.0
process,1706571178.526658,1706571178.565394,False,495c5243,b16d1h2mbxer,0,0,d4e5e88a,48000.0,0.0,,,,0.0
process,1706571178.225314,1706571178.261635,False,495c5243,b16d4exeiijc,0,0,d4e5e88a,48000.0,0.0,,,,0.0
process,1706571178.043359,1706571178.148108,False,495c5243,b16dnk94tx7m,0,0,d4e5e88a,115000.0,0.0,,,,0.0
gen,1706571177.104419,1706571177.140282,True,52b77d92,0qrolsz2qjan,0,0,d4e5e88a,123000.0,0.0,,,,0.0
