func,start,end,is_cold,container_id,provider.request_id,blob.upload,blob.download,request_id,provider.execution_duration,provider.init_duration,max_mem_used,billing.duration,billing.mem,billing.gbs
process,1701378642.508731,1701378657.51016,False,7841b729,k4aa1k68qwch,0,0,cd9d0cda,15022000.0,0.0,,,,0.0
process,1701378642.398236,1701378657.46423,True,d7868e05,7pqjvkcplu81,0,0,cd9d0cda,15097000.0,0.0,,,,0.0
process,1701378642.279152,1701378657.280364,False,2d7b4a42,8sccfm7zhvi1,0,0,cd9d0cda,15010000.0,0.0,,,,0.0
process,1701378642.149344,1701378657.149891,False,417800db,83d0rp9zk1g7,0,0,cd9d0cda,15011000.0,0.0,,,,0.0
generate,1701378641.515891,1701378641.516136,False,5ddf137d,k5n6zfpvnbmv,0,0,cd9d0cda,12000.0,0.0,,,,0.0
process,1701378641.700649,1701378656.701595,False,39ac478e,2kden62fwlmv,0,0,cd9d0cda,15033000.0,0.0,,,,0.0
process,1701378641.817344,1701378656.823892,True,568731e5,pg90p2pudp7i,0,0,cd9d0cda,15029000.0,0.0,,,,0.0
process,1701378641.941477,1701378656.942699,False,cf8a2753,rv6e4511lr3g,0,0,cd9d0cda,15030000.0,0.0,,,,0.0
process,1701378642.085548,1701378657.101676,True,bb7c6ec6,xt0y5htbncc7,0,0,cd9d0cda,15081000.0,0.0,,,,0.0
