func,start,end,is_cold,container_id,provider.request_id,blob.upload,blob.download,request_id
gen,1717177435.681043,1717177435.750865,False,6cea8915,fb2639fe-10fe-4ad9-9305-f76b3ba2db72,0.0,0.0,ca0fe471
process,1717177436.295687,1717177436.377215,False,6cea8915,6f234f90-92e1-4a42-806e-f8f02dad0578,0.0,0.0,ca0fe471
run_workflow,1717177438.692241,1717177438.6957426,,,,,,ca0fe471
process,1717177436.592479,1717177436.671306,False,6cea8915,f31f30db-e861-457a-9ddc-00c59cb160f1,0.0,0.0,ca0fe471
process,1717177436.017276,1717177436.116142,False,6cea8915,be73e1bd-afd3-425e-b2fb-e0f6ec4b55dc,0.0,0.0,ca0fe471
process,1717177438.085864,1717177438.162059,False,6cea8915,694f12f7-5ea2-4c9e-b704-c0b967705fce,0.0,0.0,ca0fe471
process,1717177438.448507,1717177438.518094,False,6cea8915,ec3a52ee-1d63-4626-9216-b1c874e5d885,0.0,0.0,ca0fe471
process,1717177437.371165,1717177437.435156,False,6cea8915,8f121b56-cd52-4bcf-a59f-f5d2bd85f333,0.0,0.0,ca0fe471
process,1717177437.002923,1717177437.075835,False,6cea8915,970d561d-b225-4337-a208-914524ba161f,0.0,0.0,ca0fe471
process,1717177437.72487,1717177437.786964,False,6cea8915,15debbfa-840d-45ee-8078-d44bcd78469d,0.0,0.0,ca0fe471
