func,start,end,is_cold,container_id,provider.request_id,blob.upload,blob.download,request_id
process,1717172626.581543,1717172626.581655,False,2260d031,062a5fee-d177-4ece-b0ef-a19d5d0b9fee,0,0,1e5439fe
process,1717172626.822262,1717172626.822376,False,2260d031,d104c57a-5139-4f15-b2ba-020d450ada3c,0,0,1e5439fe
process,1717172625.665773,1717172625.665887,False,2260d031,d21d32f9-a641-4bd5-ab0f-12ba9c3feb21,0,0,1e5439fe
gen,1717172624.656492,1717172624.659193,True,f756e8ef,9032bff3-a8c5-4b5c-8173-3a44002c8786,0,0,1e5439fe
process,1717172626.165168,1717172626.165285,False,2260d031,b53a5241-399f-4624-97ad-82641cef684d,0,0,1e5439fe
process,1717172625.900158,1717172625.900273,False,2260d031,c7c9bbf6-5629-4724-9520-09bdde1f8e39,0,0,1e5439fe
process,1717172626.359892,1717172626.360006,False,2260d031,d3c61eb3-c012-4ea7-b625-b2571519fded,0,0,1e5439fe
process,1717172627.041534,1717172627.041649,False,2260d031,a07b9fc0-525a-430c-8779-fcbb15382a5f,0,0,1e5439fe
process,1717172625.397388,1717172625.399883,True,2260d031,487b6bae-179c-4b58-827a-c6907227b109,0,0,1e5439fe
