func,start,end,is_cold,container_id,provider.request_id,request_id
auth,1655138414.845581,1655138414.893991,True,afbe77ff,g9rl52oyz2b5,548bb1f1
auth,1655138414.501988,1655138414.573748,True,f0e9eddf,lfosf8yx947b,2241df0e
auth,1655138414.604195,1655138414.635363,False,ea3443c3,c1a38ykkzgsc,2508228d
auth,1655138414.909915,1655138414.975025,True,7090c86c,457771h2ic8d,44656300
auth,1655138415.222498,1655138415.271012,True,44e09892,hkz5yvv1t6jn,edcb0630
auth,1655138414.75463,1655138414.849533,False,e3f7d2a8,8lhb7emy0n33,ec1b0968
auth,1655138415.025731,1655138415.083664,True,4f17b007,q1l7e0iglpf4,04667667
auth,1655138414.724266,1655138414.791337,True,551a77bf,n5gric3ybnbg,69ee0594
auth,1655138414.686492,1655138414.73524,True,2376db43,u7seu82kdc18,742dc0ad
auth,1655138415.739065,1655138415.781362,True,7a9fea35,cicdw0hhco4z,5df76eb3
auth,1655138414.572522,1655138414.627042,True,c9ebf6c3,46bizfk2ugmf,aca7a97c
auth,1655138414.791973,1655138414.850696,True,f3538fad,aamh93osj7qm,10c62cbe
auth,1655138414.829916,1655138414.876783,True,65f2659d,au01abna0q3s,2101005a
auth,1655138413.241206,1655138413.324423,False,c8796881,4sp9ma59ileh,98c27d45
auth,1655138414.658604,1655138414.741455,False,e3f7d2a8,8lhbng0fkngp,7d92fe4f
auth,1655138414.964885,1655138415.010561,True,aee3ecc5,dl7z8dydd4kt,51a339c4
auth,1655138414.779427,1655138414.831382,True,acb5fa83,sz5c7lswxspk,9591fa2b
auth,1655138415.029188,1655138415.086197,True,7f764a19,iw660ti4y303,81cb8756
auth,1655138412.894742,1655138413.03273,True,c8796881,4sp9nkaw7y78,99e8ad61
auth,1655138414.772768,1655138414.829798,True,4d86bda3,ayw7g088jc6l,c6203d7a
auth,1655138414.830478,1655138414.845137,False,551a77bf,n5grejyx49m1,5753b07b
auth,1655138414.870145,1655138414.915421,True,95ca4d4a,vhf2p10te70k,7f21027d
auth,1655138415.048642,1655138415.160427,True,6a7ec7df,hsvh91pojf34,5f9caa26
auth,1655138415.224067,1655138415.269184,True,c012312f,byqnsskpo5mk,ef1fcab0
auth,1655138414.518211,1655138414.56941,True,ea3443c3,c1a3zqf97npr,f9f77a4a
auth,1655138415.007716,1655138415.036814,False,7090c86c,4577m7p6fakq,635b126b
auth,1655138414.319138,1655138414.386623,True,49ad926c,azwcfvoq7czg,81a271fa
auth,1655138414.573221,1655138414.626325,True,e3f7d2a8,8lhbv899yfk7,50e2de0a
auth,1655138413.167701,1655138413.181149,False,c8796881,4sp9nben8nsk,9f0e5e8e
auth,1655138414.953964,1655138415.157549,True,f5b29872,c7yx1sts43w7,76d5cb92
