func,start,end,is_cold,container_id,provider.request_id,request_id
auth,1655136456.607569,1655136456.841019,True,b2d08659,dblui7u8qt8y,5751438f
auth,1655136517.249579,1655136517.35274,False,b2d08659,dblu3g53szgj,8f202950
auth,1655136578.149005,1655136578.249887,False,b2d08659,dblugqtrrj62,ad8bfec7
auth,1655136628.952214,1655136629.048643,False,b2d08659,dblu6byktdnx,bdc8ec9b
auth,1655136689.679232,1655136689.750577,False,b2d08659,dbluh1j1m6y9,6d4df175
auth,1655136749.355497,1655136749.446619,False,b2d08659,dbluaml7y9qm,9c50ec25
auth,1655136799.772849,1655136799.853208,False,b2d08659,dbluzjiotahq,8b762d28
auth,1655136859.775451,1655136859.852058,False,b2d08659,dbluugp7r57x,474bbac6
auth,1655136919.883059,1655136919.952945,False,b2d08659,dbluacrgp2vx,d8d1b8db
auth,1655136980.015867,1655136980.041144,False,b2d08659,dblu9mi50xzg,369026c3
auth,1655137040.033302,1655137040.050399,False,b2d08659,dbluyy08wqmf,02dd9d21
auth,1655137099.70362,1655137099.747937,False,b2d08659,dblu3ei64myp,22ecdc0e
auth,1655137149.389354,1655137149.450728,False,b2d08659,dblu9ykan3n0,7fa74b5a
auth,1655137209.17491,1655137209.244628,False,b2d08659,dblucyl0aq5f,eb1ed655
auth,1655137269.21337,1655137269.241427,False,b2d08659,dblumdufbzlf,0d4da6fa
auth,1655137329.087582,1655137329.147744,False,b2d08659,dblu0l94l1m2,cd2bce52
auth,1655137379.089491,1655137379.15755,False,b2d08659,dbluhaubbccw,d5eb92c4
auth,1655137439.086823,1655137439.15083,False,b2d08659,dblukjbpezwq,ad0fd163
auth,1655137499.065844,1655137499.147131,False,b2d08659,dblups2b6xsq,203ce9ea
auth,1655137558.972854,1655137559.067219,False,b2d08659,dbluz0ugyxlp,8010a088
auth,1655137619.293534,1655137619.348692,False,b2d08659,dblu757ggs0y,c330c6eb
auth,1655137679.116705,1655137679.146834,False,b2d08659,dbluiuornfjk,e9a907bf
auth,1655137729.331517,1655137729.344869,False,b2d08659,dbluvbzd1ar1,b22d1f0a
auth,1655137789.224531,1655137789.241841,False,b2d08659,dbluh7a29wrp,2b098961
auth,1655137849.518606,1655137849.540591,False,b2d08659,dblu5hxyu1ab,28f025df
auth,1655137909.868709,1655137909.948915,False,b2d08659,dbluhpr17kp0,4aad8acb
auth,1655137969.771828,1655137969.96049,True,5f6dcc8b,od8bfr4i293y,7828983b
auth,1655138030.135652,1655138030.14935,False,5f6dcc8b,od8bkobakc5i,27318288
auth,1655138090.249238,1655138090.344327,False,5f6dcc8b,od8b0qks0ram,66d43bc8
auth,1655138150.684566,1655138150.740677,False,5f6dcc8b,od8b7dmq6qwn,401904d6
