func,start,end,is_cold,container_id,provider.request_id,blob.upload,blob.download,request_id
process,1706567029.237461,1706567049.263156,False,5981a1b9,f2f137f4-7b9a-4599-9662-ebd7523552eb,0.0,0.0,e818e993
generate,1706566989.032379,1706566989.033741,False,5981a1b9,e7284d19-8fb3-4898-88d7-a5fb49bc835b,0.0,0.0,e818e993
process,1706567009.204978,1706567029.220457,False,5981a1b9,e3a24f2e-3056-48c6-b641-64cc418f3f88,0.0,0.0,e818e993
process,1706566989.170501,1706567009.191024,False,5981a1b9,5876df12-22ef-44ff-adae-44b5a0ffce7a,0.0,0.0,e818e993
process,1706567049.277119,1706567069.291058,False,5981a1b9,463a6234-f691-477a-872f-006f34875ffb,0.0,0.0,e818e993
run_workflow,1706567353.60112,1706567353.60318,,,,,,e818e993
