func,start,end,is_cold,container_id,provider.request_id,blob.upload,blob.download,request_id
process,1701392059.481673,1701392069.482246,False,347af90b,x4owc5nljngm,0,0,d2f46c24
process,1701392057.829224,1701392067.830284,False,ddf9f2f1,adfou4i3zosd,0,0,d2f46c24
process,1701392058.879296,1701392068.880053,False,fcf3a0c5,virlyulh993h,0,0,d2f46c24
process,1701392058.779371,1701392068.780006,False,658f92d2,9cnex6jtk5lx,0,0,d2f46c24
process,1701392059.361485,1701392069.362874,False,12ba1051,5k3lxhwb25fq,0,0,d2f46c24
process,1701392059.11266,1701392069.121694,False,a89f4252,pjzizj15tgol,0,0,d2f46c24
process,1701392058.241038,1701392068.246252,True,e1c8c8d7,whckr3ppkla6,0,0,d2f46c24
process,1701392059.339792,1701392069.34797,True,3661a048,7s6g35wf574u,0,0,d2f46c24
process,1701392058.67091,1701392068.671334,False,dc2c1321,lgjuup88hxdu,0,0,d2f46c24
process,1701392058.466123,1701392068.467083,False,a84ceaf9,8xpe6gd4y30n,0,0,d2f46c24
process,1701392058.115269,1701392068.117084,False,8994ac9a,9k9uxibjibs5,0,0,d2f46c24
process,1701392058.050991,1701392068.09373,True,2b15c1d6,08t3wl1f3rdn,0,0,d2f46c24
process,1701392057.710982,1701392067.712762,False,7b0cbbeb,t472ybgi7ruy,0,0,d2f46c24
generate,1701392057.511383,1701392057.511623,False,920a54bc,togoqveebscw,0,0,d2f46c24
process,1701392060.076082,1701392070.083588,True,8d91759d,m183q8tb5ewj,0,0,d2f46c24
process,1701392058.998856,1701392068.999679,False,b4fe0cbe,93188er1yet7,0,0,d2f46c24
process,1701392058.366653,1701392068.375507,True,defd8bc2,tidprq7puw4p,0,0,d2f46c24
