func,start,end,is_cold,container_id,provider.request_id,blob.upload,blob.download,request_id
generate,1706561247.084478,1706561247.085164,False,6302ce02,355de8b7-8400-4bf9-9342-3b1fe865745c,0.0,0.0,92698c5a
process,1706561247.185902,1706561262.202027,False,6302ce02,14bedaf7-e3f4-4fdb-8a72-ade687eeeab1,0.0,0.0,92698c5a
process,1706561262.210545,1706561277.23415,False,6302ce02,5b714ee2-50ae-4735-aa62-e40dabb89af9,0.0,0.0,92698c5a
run_workflow,1706561277.326961,1706561277.3279648,,,,,,92698c5a
