func,start,end,is_cold,container_id,provider.request_id,blob.upload,blob.download,request_id,provider.execution_duration,provider.init_duration,max_mem_used,billing.duration,billing.mem,billing.gbs
process,1717173887.683551,1717173890.383268,True,c9bea4c1,82pyelxgn6rc,0,1022,04c9b7ce,2778000.0,0.0,,,,0.0
process,1717173889.425353,1717173891.735629,True,f47e3a74,wtynubqhwryk,0,1022,04c9b7ce,2401000.0,0.0,,,,0.0
process,1717173888.387498,1717173890.951592,True,d59ce20b,15j7t2520t9r,0,1022,04c9b7ce,2683000.0,0.0,,,,0.0
process,1717173888.953858,1717173890.690822,True,8b562766,2xjzdxeraniq,0,1022,04c9b7ce,1808000.0,0.0,,,,0.0
process,1717173888.306397,1717173889.642917,True,679a1edb,hwmu1yktrc88,0,1022,04c9b7ce,1371000.0,0.0,,,,0.0
process,1717173888.770964,1717173888.810305,False,a0d6899c,8iepwx07za7y,0,1022,04c9b7ce,51000.0,0.0,,,,0.0
process,1717173890.108422,1717173891.587551,True,573932a8,ck8zxfsjxrh7,0,1022,04c9b7ce,1533000.0,0.0,,,,0.0
process,1717173889.111006,1717173891.39732,True,0a47cec6,ayenkphcbuxd,0,1022,04c9b7ce,2378000.0,0.0,,,,0.0
process,1717173890.075328,1717173891.704943,True,cdec456c,ssgml5ovwk6w,0,1022,04c9b7ce,1688000.0,0.0,,,,0.0
process,1717173889.507393,1717173891.693131,True,50b3e5ed,bm596aa2k68q,0,1022,04c9b7ce,2289000.0,0.0,,,,0.0
process,1717173888.823872,1717173888.973244,False,a0d6899c,8iepbeah50yv,0,1022,04c9b7ce,166000.0,0.0,,,,0.0
process,1717173888.480005,1717173890.22344,True,ffcdc4d2,xej5i3lfzbnw,0,1022,04c9b7ce,1845000.0,0.0,,,,0.0
generate,1717173885.417814,1717173885.425167,True,8694240f,e1q7289ha8ja,0,0,04c9b7ce,37000.0,0.0,,,,0.0
process,1717173888.417428,1717173890.588248,True,26eeeb80,lwq6kp4pn5x9,0,1022,04c9b7ce,2237000.0,0.0,,,,0.0
process,1717173890.154211,1717173892.430689,True,9ed74f18,yc7gh2d2ljbz,0,1022,04c9b7ce,2354000.0,0.0,,,,0.0
process,1717173889.262265,1717173891.030299,True,9755d351,gjegqn8rwikr,0,1022,04c9b7ce,1826000.0,0.0,,,,0.0
process,1717173889.467563,1717173890.878859,True,c283f581,byoo8wqqbe7m,0,1022,04c9b7ce,1485000.0,0.0,,,,0.0
process,1717173888.62807,1717173888.69172,False,a0d6899c,8iepsg374n3y,0,1022,04c9b7ce,83000.0,0.0,,,,0.0
process,1717173887.253408,1717173890.017076,True,6d40457f,pmio50vct6ni,0,1022,04c9b7ce,2799000.0,0.0,,,,0.0
process,1717173885.744914,1717173888.609782,True,a0d6899c,8iepysmgiuv2,0,1022,04c9b7ce,2890000.0,0.0,,,,0.0
process,1717173888.712781,1717173888.760111,False,a0d6899c,8iepcj0upzbq,0,1022,04c9b7ce,60000.0,0.0,,,,0.0
