func,start,end,is_cold,container_id,provider.request_id,blob.upload,blob.download,request_id
process,1701299274.810681,1701299279.815832,False,c8fab25a,61343414-b048-452a-b062-72056f418fac,0,0,a719bcb5
process,1701299274.895846,1701299279.900989,False,fbab1b6e,46ff5735-340b-490e-a871-4d4532032428,0,0,a719bcb5
process,1701299274.827335,1701299279.832507,False,eb4854a1,b2ca40a0-8054-4ef6-804c-ba9d60abdcb6,0,0,a719bcb5
process,1701299274.905116,1701299279.907698,False,c2e2c696,2ea0009c-3011-4119-bc00-df6c40a01718,0,0,a719bcb5
process,1701299274.941781,1701299279.942132,False,9041558e,5f1b1ca8-0a65-4f1f-ac68-4d1f505b4e8c,0,0,a719bcb5
process,1701299274.815741,1701299279.817336,False,40aa1dc9,db4f0a02-bc6d-4a77-9435-3a8e85539efa,0,0,a719bcb5
process,1701299274.829461,1701299279.834617,False,711ace82,775dd0b0-68fe-4cd0-9e55-17935c845040,0,0,a719bcb5
generate,1701299274.612069,1701299274.61215,False,7bcaeffc,b25a083b-6582-4890-b441-608f7aa993eb,0,0,a719bcb5
process,1701299274.931997,1701299279.937147,False,15f38a5f,c19b4362-0260-4257-a1a1-4a874387a12c,0,0,a719bcb5
process,1701299274.820011,1701299279.820206,False,57249d9a,f6c705ac-7d35-4c95-b248-233dbd2e56c5,0,0,a719bcb5
process,1701299274.923238,1701299279.928397,False,08897ae2,5a813bce-721e-42d0-8b20-457e553252db,0,0,a719bcb5
process,1701299274.833669,1701299279.833821,False,add02865,69ff8b49-208a-4fb0-b9c2-7c39d81d60c9,0,0,a719bcb5
process,1701299274.937945,1701299279.938116,False,336ea78a,2b8dbcec-7379-4094-a87c-8b72f03ee450,0,0,a719bcb5
process,1701299274.829977,1701299279.830141,False,d3f7726d,75d74813-4b2c-4ba8-9331-ff3a687faf9f,0,0,a719bcb5
process,1701299274.921523,1701299279.926676,False,b49012a8,fe11f7e6-0aec-42e4-97f3-bb067132110b,0,0,a719bcb5
process,1701299274.826701,1701299279.831845,False,920a7565,e5f46233-fe7e-4076-85d7-82de3f924831,0,0,a719bcb5
process,1701299274.840668,1701299279.845806,False,5860fc23,4e909e94-043f-42ed-9b39-277e0ab6b7cc,0,0,a719bcb5
