func,start,end,is_cold,container_id,provider.request_id,blob.upload,blob.download,request_id
process,1706569851.275485,1706569851.275949,False,d56d72ed,txlkh4e9z95c,0,0,f364961c
process,1706569850.851135,1706569850.851703,False,d56d72ed,txlkdoosjp33,0,0,f364961c
process,1706569851.366895,1706569851.367278,False,d56d72ed,txlku3gixnpg,0,0,f364961c
process,1706569851.1859,1706569851.186276,False,d56d72ed,txlkc51ufyp8,0,0,f364961c
process,1706569851.025112,1706569851.025504,False,d56d72ed,txlkydg56amy,0,0,f364961c
process,1706569850.923739,1706569850.924857,False,d56d72ed,txlkrnz9l6fz,0,0,f364961c
gen,1706569850.524769,1706569850.534769,True,d226f185,oh17gqcetzka,0,0,f364961c
process,1706569850.66266,1706569850.719539,True,d56d72ed,txlkbnisz6m9,0,0,f364961c
process,1706569851.11174,1706569851.112274,False,d56d72ed,txlk6rln8h78,0,0,f364961c
