func,start,end,is_cold,container_id,provider.request_id,blob.upload,blob.download,request_id
process,1706609254.349997,1706609255.35738,False,2f254b99,81df9c37-7300-4b9a-9e4a-f9725e54a853,0.0,0.0,891680e8
process,1706609258.432146,1706609259.433374,False,2f254b99,8a709bbc-8472-4e53-97d5-0bac7709a2a9,0.0,0.0,891680e8
process,1706609250.307118,1706609251.309094,False,2f254b99,441aed60-de3c-4175-97f1-780c98425314,0.0,0.0,891680e8
process,1706609249.292002,1706609250.293383,False,2f254b99,d6b11a06-97e9-402f-870e-d811814262ce,0.0,0.0,891680e8
process,1706609256.379573,1706609257.382179,False,2f254b99,ba446fda-f57c-4726-91ad-38c139060851,0.0,0.0,891680e8
process,1706609262.480227,1706609263.48119,False,2f254b99,215ad7a9-d6a6-4d2c-8b81-dc80239435f3,0.0,0.0,891680e8
process,1706609251.31818,1706609252.320526,False,2f254b99,928d4de4-3ca1-4d78-85a9-8ff6a79f61ae,0.0,0.0,891680e8
generate,1706609248.080505,1706609248.099013,False,2f254b99,d39f012b-36b3-4897-9489-b2c0aa777276,0.0,0.0,891680e8
process,1706609263.492466,1706609264.499356,False,2f254b99,13f9d586-b886-4df5-a479-401ff6472178,0.0,0.0,891680e8
process,1706609257.390337,1706609258.392084,False,2f254b99,f6443fdf-707a-442f-b48f-0a3c1e9a1a91,0.0,0.0,891680e8
process,1706609253.338715,1706609254.340896,False,2f254b99,dabd8fe8-cecf-409e-a935-9999eec05d4b,0.0,0.0,891680e8
process,1706609261.469121,1706609262.471849,False,2f254b99,06cfcab3-d25b-435e-9601-f0fbc599d377,0.0,0.0,891680e8
process,1706609255.366542,1706609256.368565,False,2f254b99,629beb09-c2bb-4818-8f35-5932c05ee7fc,0.0,0.0,891680e8
process,1706609260.458538,1706609261.460307,False,2f254b99,66ea7522-be2d-401d-aa91-f8709d5d4e22,0.0,0.0,891680e8
run_workflow,1706609264.713549,1706609264.714608,,,,,,891680e8
process,1706609252.328229,1706609253.330258,False,2f254b99,f9227530-83a6-492d-8153-43e1c8c764df,0.0,0.0,891680e8
process,1706609248.27824,1706609249.280699,False,2f254b99,d2bd0766-17a5-4169-ab41-8c97e0a47c8b,0.0,0.0,891680e8
process,1706609259.444738,1706609260.446545,False,2f254b99,dbcebb07-ea23-4c0d-a03a-d9df5f9f26a6,0.0,0.0,891680e8
