func,start,end,is_cold,container_id,provider.request_id,blob.upload,blob.download,request_id
process,1701371526.385381,1701371531.386157,False,85e3dca0,odxmz38uotwg,0,0,7e34d075
process,1701371526.864397,1701371531.864896,False,40a6e235,m1289ogq39s1,0,0,7e34d075
process,1701371526.587134,1701371531.588413,False,ac660a41,nry9fke5cut7,0,0,7e34d075
process,1701371527.089212,1701371532.090182,False,1f54bcfe,epth9bm9ujci,0,0,7e34d075
process,1701371527.239617,1701371532.240501,False,b3283193,61ewxe6rqfao,0,0,7e34d075
process,1701371526.732196,1701371531.733444,False,847faa27,87f2hio5m511,0,0,7e34d075
process,1701371526.472557,1701371531.47411,False,af8d630d,jdriocoem68r,0,0,7e34d075
generate,1701371526.143366,1701371526.143668,False,21d38c39,92tps853np8o,0,0,7e34d075
process,1701371526.99941,1701371532.000538,False,9ba43861,4ztqaazr22hl,0,0,7e34d075
