func,start,end,is_cold,container_id,provider.request_id,blob.upload,blob.download,request_id,provider.execution_duration,provider.init_duration,max_mem_used,billing.duration,billing.mem,billing.gbs
process,1717178352.574389,1717178352.602408,False,4994ee3b,8h875p6vqtgu,0,0,5f502dee,41000.0,0.0,,,,0.0
process,1717178353.335316,1717178355.431383,True,91717c0b,n0vvicfen7y0,0,0,5f502dee,2185000.0,0.0,,,,0.0
process,1717178352.911406,1717178355.390056,True,fe328e98,a8m8jx0b2cqr,0,0,5f502dee,2559000.0,0.0,,,,0.0
process,1717178351.841126,1717178354.151849,True,0601ccc2,hu126dcmwwo1,0,0,5f502dee,2357000.0,0.0,,,,0.0
process,1717178351.359139,1717178353.805402,True,0e70a653,wmxznq9152oo,0,0,5f502dee,2509000.0,0.0,,,,0.0
process,1717178354.37663,1717178354.407236,False,16b873c7,h0trpnihz98p,0,0,5f502dee,40000.0,0.0,,,,0.0
process,1717178354.321093,1717178356.769201,True,fc42aadc,tedr2f8hfrgt,0,0,5f502dee,2546000.0,0.0,,,,0.0
process,1717178353.936142,1717178355.80538,True,2e053435,cqrk1v35wujp,0,0,5f502dee,1949000.0,0.0,,,,0.0
process,1717178354.101272,1717178354.130173,False,4d1c7da5,46mdlje8lhh5,0,0,5f502dee,39000.0,0.0,,,,0.0
process,1717178354.21629,1717178355.852208,True,998260a7,h5qy5mobucvy,0,0,5f502dee,1736000.0,0.0,,,,0.0
process,1717178352.387999,1717178354.074467,True,4d1c7da5,46mdeb3pij8m,0,0,5f502dee,1785000.0,0.0,,,,0.0
process,1717178353.399543,1717178355.569871,True,e73dc5f3,eynt2nb5caqh,0,0,5f502dee,2224000.0,0.0,,,,0.0
process,1717178351.444272,1717178353.525965,True,54de0717,zt4z52dlj0d6,0,0,5f502dee,2133000.0,0.0,,,,0.0
process,1717178355.871791,1717178355.909285,False,998260a7,h5qyv8am4krt,0,0,5f502dee,47000.0,0.0,,,,0.0
generate,1717178349.677729,1717178349.685563,True,8307eb34,zg21mxjekgo7,0,0,5f502dee,43000.0,0.0,,,,0.0
process,1717178352.695427,1717178352.720248,False,4994ee3b,8h87oqt2vdns,0,0,5f502dee,36000.0,0.0,,,,0.0
process,1717178352.821082,1717178354.357303,True,16b873c7,h0trox93duh0,0,0,5f502dee,1627000.0,0.0,,,,0.0
process,1717178349.907329,1717178352.555118,True,4994ee3b,8h87o93fn9f4,0,0,5f502dee,2670000.0,0.0,,,,0.0
process,1717178353.350399,1717178356.063616,True,61c92c69,mdy9e6zm8u2e,0,0,5f502dee,2852000.0,0.0,,,,0.0
process,1717178352.613069,1717178352.638685,False,4994ee3b,8h87t4k8gule,0,0,5f502dee,41000.0,0.0,,,,0.0
process,1717178352.655346,1717178352.684668,False,4994ee3b,8h87dl38vh1t,0,0,5f502dee,40000.0,0.0,,,,0.0
