func,start,end,is_cold,container_id,provider.request_id,blob.upload,blob.download,request_id,provider.execution_duration,provider.init_duration,max_mem_used,billing.duration,billing.mem,billing.gbs
analyse,1706236826.294394,1706236863.156594,False,934c916e,3487c14c-8a75-4444-b068-3e7094dd16b8,0.0,249192258.0,4872c420,0.0,0.0,,,,0.0
decode,1706236823.789913,1706236825.964816,False,934c916e,09e4f12e-55dd-4520-89ef-ae33e63e92ff,15680772.0,2618434.0,4872c420,0.0,0.0,,,,0.0
run_workflow,1706237229.367042,1706237229.368368,,,,,,4872c420,0.0,0.0,,,,0.0
summarize,1706237229.233436,1706237229.264134,False,c7bfb553,e54aa8d5-b0cb-4eec-bb7b-03602c4a7319,0.0,0.0,4872c420,58553.0,0.0,,,,0.0
analyse,1706237200.289102,1706237228.883561,True,c7bfb553,8cbe21dc-2ebe-44c6-ac8a-5752959da489,0.0,249051914.0,4872c420,29467775.0,0.0,,,,0.0
