func,start,end,is_cold,container_id,provider.request_id,blob.upload,blob.download,request_id
process,1717174784.398513,1717174787.459795,True,d24499ab,ckq9045wudas,0,32768,62337965
process,1717174786.554968,1717174788.075848,True,201f9fc0,c223fv4bvsd8,0,32768,62337965
process,1717174786.547686,1717174788.71333,True,2f0f375b,xqhwqxmp5z9k,0,32768,62337965
process,1717174787.518503,1717174787.560496,False,d24499ab,ckq9cuqte882,0,32768,62337965
process,1717174786.679063,1717174789.103497,True,6b925ecf,rgu7jdxw1daq,0,32768,62337965
process,1717174787.346331,1717174788.724894,True,0851b4e5,q7hu6x9cqf2d,0,32768,62337965
generate,1717174784.176814,1717174784.184155,True,b088c2f1,spa1ybchls9d,0,0,62337965
process,1717174787.577699,1717174789.210683,True,e0fe75f5,illvarjki8gi,0,32768,62337965
process,1717174787.571958,1717174787.607595,False,d24499ab,ckq9ontggyhh,0,32768,62337965
process,1717174787.74856,1717174789.30696,True,92d0aa35,wfzygdptpr77,0,32768,62337965
process,1717174788.207175,1717174788.239885,False,1d5bcbd2,h59mam7nxveo,0,32768,62337965
process,1717174786.703027,1717174788.185858,True,1d5bcbd2,h59m271dom9m,0,32768,62337965
process,1717174787.390986,1717174789.714051,True,f2383fab,tfzg9ufwy7rb,0,32768,62337965
process,1717174786.34624,1717174788.867894,True,ca48ef30,ksbl8byye8f0,0,32768,62337965
process,1717174787.580007,1717174789.395596,True,05cfdcb6,73581k3ihv0s,0,32768,62337965
process,1717174787.946825,1717174790.513378,True,c2e566c3,4yuhcgsal96x,0,32768,62337965
process,1717174787.722034,1717174790.240242,True,54848008,vhiw1dahqxns,0,32768,62337965
process,1717174786.770275,1717174789.073113,True,0961ccd2,hurjr5ghsctr,0,32768,62337965
process,1717174789.343517,1717174789.380349,False,92d0aa35,wfzyakzq6bxx,0,32768,62337965
process,1717174787.73112,1717174790.222289,True,fb9541ec,1b101p8kxyb7,0,32768,62337965
process,1717174787.476491,1717174787.508726,False,d24499ab,ckq9e5vrl187,0,32768,62337965
