func,start,end,is_cold,container_id,provider.request_id,blob.upload,blob.download,request_id
process,1706570288.866584,1706570288.867567,False,b16dccc2,h10gi39uf0n4,0,0,3abab2f0
process,1706570288.470783,1706570288.471769,False,b16dccc2,h10gqbnc6pem,0,0,3abab2f0
process,1706570288.538568,1706570288.539553,False,b16dccc2,h10gprpk210u,0,0,3abab2f0
process,1706570288.705079,1706570288.706127,False,b16dccc2,h10gmci2zv0v,0,0,3abab2f0
process,1706570288.610172,1706570288.611164,False,b16dccc2,h10g0cyxljll,0,0,3abab2f0
gen,1706570288.170073,1706570288.178172,True,1f61ce18,6psi0bp90jyw,0,0,3abab2f0
process,1706570288.395118,1706570288.396156,False,b16dccc2,h10gz7e9t6zy,0,0,3abab2f0
process,1706570288.786432,1706570288.78741,False,b16dccc2,h10gwymja4wt,0,0,3abab2f0
process,1706570288.30188,1706570288.311065,True,b16dccc2,h10gpcqskf51,0,0,3abab2f0
