func,start,end,is_cold,container_id,provider.request_id,blob.upload,blob.download,request_id
process,1717179849.325986,1717179850.496923,True,bc6a8815,64e132ce-6017-4272-b97e-7f1ae52ad6d8,0,32768,d4e526ff
process,1717179849.330562,1717179850.511033,True,b9a1d7d1,7a2ce099-10b7-44a9-ba79-4132da051c3e,0,32768,d4e526ff
process,1717179849.084269,1717179850.219735,True,a73dc732,6dcc6ca2-ae5a-4c9c-8d8d-1155c7ff8c29,0,32768,d4e526ff
process,1717179849.298866,1717179850.486724,True,252b01e0,6910091c-788c-47d9-a832-e35303d341ef,0,32768,d4e526ff
process,1717179849.371846,1717179850.503183,True,6aa3bc5d,da241b80-c2d2-4d86-af26-6b91ba054084,0,32768,d4e526ff
generate,1717179848.464519,1717179848.466857,True,bfe755c1,f519b8da-4968-4859-b865-fca1b01cdec1,0,0,d4e526ff
process,1717179849.146583,1717179850.297888,True,6be71271,9c0cf065-3479-4009-907b-3f1152b8245d,0,32768,d4e526ff
process,1717179849.056001,1717179850.213794,True,0a7dc34b,5cf0e9ef-0162-4fe9-84a8-eeff33f10486,0,32768,d4e526ff
process,1717179849.323148,1717179850.505024,True,ff444d56,b26e42d3-2a53-42a3-a0d9-9504947a6237,0,32768,d4e526ff
process,1717179849.319452,1717179850.49248,True,7ff5aac5,8427216b-e018-42a2-9392-a23bfbd1fedf,0,32768,d4e526ff
process,1717179849.388228,1717179850.55349,True,b8cc5152,52dc75e8-71e0-4b49-82d3-9e53fd350f8e,0,32768,d4e526ff
process,1717179849.168094,1717179850.380481,True,c4f5c91b,9048f6b3-5f29-4604-b33b-e753fb969e12,0,32768,d4e526ff
process,1717179849.331968,1717179850.486506,True,2955c60d,8cafa2d3-440a-42e2-8327-61d6c1ee498c,0,32768,d4e526ff
process,1717179849.30718,1717179850.492919,True,8230de1c,a5bb6e72-d8d7-4959-848b-a205e21861b8,0,32768,d4e526ff
process,1717179849.131858,1717179850.351688,True,6bb8edf4,bb50411e-2604-4626-aba1-6f4d4047edfe,0,32768,d4e526ff
process,1717179849.281012,1717179850.473739,True,27cb94cb,4fc0d311-339c-463b-86c5-6a14f6b7f096,0,32768,d4e526ff
process,1717179849.130532,1717179850.330006,True,81928a55,1721fd22-fec2-4524-92c8-9e579a4a5d9d,0,32768,d4e526ff
process,1717179849.136814,1717179850.311676,True,d684d255,9c216fed-4d34-4c84-9bc8-3024c363c336,0,32768,d4e526ff
process,1717179849.498764,1717179850.688896,True,1af91d68,74e1957b-1053-4d59-82fa-a1764aff51a8,0,32768,d4e526ff
process,1717179849.130844,1717179850.329049,True,23ab6854,603ddd24-156d-4f48-a2e2-001688572dbd,0,32768,d4e526ff
process,1717179849.280672,1717179850.451444,True,4ab6069c,252578c0-4bb2-44c2-b3fa-524b66024072,0,32768,d4e526ff
