func,start,end,is_cold,container_id,provider.request_id,blob.upload,blob.download,request_id
gen,1706569408.049765,1706569408.072177,True,a2048372,8go72txqnc4n,0,0,8db6fd54
process,1706569409.682692,1706569409.691859,True,fdd57838,2vff75n9dduo,0,0,8db6fd54
process,1706569410.29019,1706569410.290479,False,fdd57838,2vff2gdrtk4a,0,0,8db6fd54
process,1706569410.361045,1706569410.361301,False,fdd57838,2vffaa2yv6gw,0,0,8db6fd54
process,1706569410.111402,1706569410.111688,False,fdd57838,2vffman21kr0,0,0,8db6fd54
process,1706569409.845,1706569409.845349,False,fdd57838,2vff4u4ksv69,0,0,8db6fd54
process,1706569410.196774,1706569410.197042,False,fdd57838,2vffqtkcsuk1,0,0,8db6fd54
process,1706569410.029398,1706569410.029747,False,fdd57838,2vffvuukzyu4,0,0,8db6fd54
process,1706569409.940733,1706569409.941011,False,fdd57838,2vffp8vd9x6a,0,0,8db6fd54
