func,start,end,is_cold,container_id,provider.request_id,blob.upload,blob.download,request_id
process,1701304773.057419,1701304793.077572,False,5baf9ac3,7689fd24-a23e-462a-a443-c53c142488a8,0,0,352d54b0
process,1701304773.032438,1701304793.052591,False,a1513c39,48367aa6-977f-47d6-8989-3f750e7f47bf,0,0,352d54b0
process,1701304773.04674,1701304793.066886,False,3002a69a,946e7333-bd3d-4ef2-b19e-93a38316b653,0,0,352d54b0
process,1701304773.051362,1701304793.071812,False,751647f4,b23e7c47-aa8d-47fe-b567-f76b8352c7e4,0,0,352d54b0
generate,1701304772.857407,1701304772.857476,False,6d2c3714,8fff01a6-35f4-41ad-b7c9-940bcc4fe43a,0,0,352d54b0
process,1701304773.163789,1701304793.184658,True,75ae8bbb,7ff6fe1d-b9fe-4d5f-bc07-df59da5df73e,0,0,352d54b0
process,1701304773.122321,1701304793.142475,False,636bcde3,d15bbacc-60f3-43e6-9157-b0b745d1a2dd,0,0,352d54b0
process,1701304773.04409,1701304793.065267,False,d0e04118,3ee2f53f-1b73-4783-be5a-d06fdbff97c0,0,0,352d54b0
process,1701304773.06336,1701304793.082855,False,3bb41cf0,4e8cda08-788e-4bc2-8e53-45220522eacb,0,0,352d54b0
process,1701304773.154135,1701304793.174286,False,79da7b5c,85e45001-42dc-43ae-a1cd-8392fe7048ed,0,0,352d54b0
process,1701304773.063724,1701304793.083872,False,b72338cf,4381c3c4-cbb5-4e34-b291-9ff8513484e8,0,0,352d54b0
process,1701304773.157475,1701304793.177618,False,3192e586,63eb2645-c292-4790-abdd-7c56bc0b1a43,0,0,352d54b0
process,1701304773.176588,1701304793.197545,True,1a980905,0a78cb09-cfc0-4dff-8784-cbafd1a3e48b,0,0,352d54b0
process,1701304773.057787,1701304793.077934,False,bae2c33d,3be579a0-8072-4e3b-a8dd-da6bd5096f47,0,0,352d54b0
process,1701304773.168418,1701304793.189333,True,5d8f3d3b,c5f28fb8-d0fc-49a5-9da7-c95e44a02af8,0,0,352d54b0
process,1701304773.057168,1701304793.077314,False,4af652f4,e6bbc272-9ba6-471c-aa4b-433091c71331,0,0,352d54b0
process,1701304773.14884,1701304793.168997,False,83a70ce4,cba006b9-d71a-4728-a680-a86bae8c43ab,0,0,352d54b0
