func,start,end,is_cold,container_id,provider.request_id,blob.upload,blob.download,request_id,provider.execution_duration,provider.init_duration,max_mem_used,billing.duration,billing.mem,billing.gbs
process,1701288193.23269,1701288208.247852,False,cbde5e34,2a9af418-bb30-40da-b5fc-87e4f4487731,0,0,3025980,0.0,0.0,,,,0.0
process,1701288193.27593,1701288208.287109,False,8832b397,9fa773ee-bc33-4db5-951e-579836f66a59,0,0,3025980,0.0,0.0,,,,0.0
generate,1701288193.087718,1701288193.087786,False,32077add,6a28825e-41a2-4027-a891-f2fc36d2c824,0,0,3025980,0.0,0.0,,,,0.0
process,1701288193.248456,1701288208.261392,False,a388fd80,61d87467-d735-43f4-8e14-e3a33c115d5c,0,0,3025980,0.0,0.0,,,,0.0
process,1701288193.375368,1701288208.390526,False,2b0dcebb,f155b4e2-3253-4eb4-b157-0d945bb6a8c8,0,0,3025980,0.0,0.0,,,,0.0
