func,start,end,is_cold,container_id,provider.request_id,blob.upload,blob.download,request_id,provider.execution_duration,provider.init_duration,max_mem_used,billing.duration,billing.mem,billing.gbs
process,1701370313.627501,1701370314.631423,False,9446b765,oyo7s78i5m7j,0,0,0f3c3553,1036000.0,0.0,,,,0.0
process,1701370313.387765,1701370314.388783,False,bdf7d487,w5fatq6pz4xo,0,0,0f3c3553,1011000.0,0.0,,,,0.0
generate,1701370312.700864,1701370312.701131,False,51237206,pd5tj6fz41cr,0,0,0f3c3553,12000.0,0.0,,,,0.0
process,1701370313.323246,1701370314.324069,False,dc035e74,5icl1t47ajcu,0,0,0f3c3553,1026000.0,0.0,,,,0.0
process,1701370313.188817,1701370314.189888,False,cd476c96,x377p0t1w22n,0,0,0f3c3553,1012000.0,0.0,,,,0.0
process,1701370313.521532,1701370314.52231,False,dbe943e0,j4ht32ujl3na,0,0,0f3c3553,1011000.0,0.0,,,,0.0
process,1701370312.976186,1701370313.977333,False,560c12b7,3vufonabcobn,0,0,0f3c3553,1019000.0,0.0,,,,0.0
process,1701370313.077643,1701370314.082236,False,7dd201ae,0yrb81sjacc3,0,0,0f3c3553,1040000.0,0.0,,,,0.0
process,1701370312.874219,1701370313.874574,False,069649f1,l5kxzrtjebb9,0,0,0f3c3553,1012000.0,0.0,,,,0.0
