func,start,end,is_cold,container_id,provider.request_id,blob.upload,blob.download,request_id
process,1701381987.989291,1701381997.989804,False,7682ec70,af9jyo5h4myx,0,0,e21fe29e
process,1701381986.824765,1701381996.825274,False,5f05ede7,ihrsyizu82w2,0,0,e21fe29e
generate,1701381986.37142,1701381986.371655,False,5cfd4d35,asdakfediheg,0,0,e21fe29e
process,1701381987.695845,1701381997.698374,False,fbd38752,dhevirlexe16,0,0,e21fe29e
process,1701381986.608712,1701381996.610049,False,9a0809e5,53972z3rl1tg,0,0,e21fe29e
process,1701381988.353621,1701381998.354021,False,081f1a70,5xs4twszecgc,0,0,e21fe29e
process,1701381988.138611,1701381998.13995,False,3bdce384,esrbd1pnc0ft,0,0,e21fe29e
process,1701381987.636887,1701381997.638137,False,2c73d4d6,3tz6eoatqicx,0,0,e21fe29e
process,1701381988.264759,1701381998.265785,False,0e8fb916,b1lvcx2m1a43,0,0,e21fe29e
process,1701381987.362847,1701381997.363316,False,a9c47da0,1qobpzbgvivm,0,0,e21fe29e
process,1701381987.486743,1701381997.487544,False,279c8014,ux0y7bqrnrsr,0,0,e21fe29e
process,1701381987.12514,1701381997.126307,False,cc085518,9j5kwc31xb00,0,0,e21fe29e
process,1701381988.471289,1701381998.471892,False,7b3f7452,dtjh0hwn84p0,0,0,e21fe29e
process,1701381986.714477,1701381996.717045,False,83eee9fc,8r5hmexsvbis,0,0,e21fe29e
process,1701381987.852963,1701381997.85432,False,df23f7c9,do4roe2x3mg6,0,0,e21fe29e
process,1701381987.252398,1701381997.253684,False,f1dc0b6d,vs622km14pl4,0,0,e21fe29e
process,1701381986.990892,1701381996.991453,False,59c4393e,yezszg77tow6,0,0,e21fe29e
