func,start,end,is_cold,container_id,rep
train,1652187727.481424,1652187764.618088,True,2c81a9b9,0
generate,1652187696.495619,1652187726.785593,True,a83df207,0
train,1652187770.7444,1652187771.15932,False,2c81a9b9,1
generate,1652187770.209974,1652187770.558504,False,a83df207,1
