func,start,end,is_cold,container_id,provider.request_id,blob.upload,blob.download,request_id,provider.execution_duration,provider.init_duration,max_mem_used,billing.duration,billing.mem,billing.gbs
generate,1701396287.60926,1701396287.609478,False,0de30a8b,uhkibd7gk9v1,0,0,bd392c35,10000.0,0.0,,,,0.0
process,1701396287.831079,1701396307.831542,False,cc212cf0,h5esnljrybht,0,0,bd392c35,20014000.0,0.0,,,,0.0
process,1701396289.399579,1701396309.400645,False,6bc7665a,eu9znnbl9lhe,0,0,bd392c35,20015000.0,0.0,,,,0.0
process,1701396288.387047,1701396308.38844,False,3fa74ff0,3rph8xysqunw,0,0,bd392c35,20014000.0,0.0,,,,0.0
process,1701396287.965027,1701396307.966472,False,2ed19401,7nog9l1jsqmn,0,0,bd392c35,20012000.0,0.0,,,,0.0
process,1701396288.683178,1701396308.740003,True,2493b4f2,tvv2s8q0rdsk,0,0,bd392c35,20085000.0,0.0,,,,0.0
process,1701396289.517628,1701396309.52091,False,3b6da36a,u2c3wrtuascw,0,0,bd392c35,20024000.0,0.0,,,,0.0
process,1701396289.791777,1701396309.792646,False,ef2f8a8c,1fet0ykrgqj7,0,0,bd392c35,20012000.0,0.0,,,,0.0
process,1701396289.960505,1701396309.961197,False,1c2821d5,g2ig9wvvmj78,0,0,bd392c35,20012000.0,0.0,,,,0.0
process,1701396288.126935,1701396308.127521,False,7283c2f4,2m98qvpzwlyl,0,0,bd392c35,20022000.0,0.0,,,,0.0
process,1701396289.65459,1701396309.655697,False,2d27dcf2,198dy4zoeg91,0,0,bd392c35,20016000.0,0.0,,,,0.0
process,1701396288.562706,1701396308.563211,False,12280aff,3aq3sw9f4dr0,0,0,bd392c35,20011000.0,0.0,,,,0.0
process,1701396288.263666,1701396308.264388,False,c102958c,mdyn3mnz5kvo,0,0,bd392c35,20011000.0,0.0,,,,0.0
process,1701396288.936556,1701396308.937283,False,e819a934,dytqznlysav9,0,0,bd392c35,20011000.0,0.0,,,,0.0
process,1701396288.821222,1701396308.821523,False,51d402fb,9b14l83gpdtv,0,0,bd392c35,20011000.0,0.0,,,,0.0
process,1701396289.254885,1701396309.255234,False,cdd7b3b0,04gv1brmi79i,0,0,bd392c35,20010000.0,0.0,,,,0.0
process,1701396289.080448,1701396309.081696,False,bc309eb6,tgi6cywgm1p1,0,0,bd392c35,20016000.0,0.0,,,,0.0
