func,start,end,is_cold,container_id,provider_request_id,request_id
summarize,1654716308.425,1654716308.42507,False,930976b9,f7009225-380e-4011-9643-d0fdc62c2021,8196aa85
analyse,1654716275.86952,1654716308.347895,False,ab7e0ae7,1f219d4b-aa97-4959-b980-cb730443574b,8196aa85
analyse,1654716275.919537,1654716307.634916,False,19c54eca,74712680-ef5d-4042-bb83-f42a3752eefa,8196aa85
decode,1654716273.156228,1654716275.682731,False,a3beac75,9a213f52-6672-431c-8f49-01a711db6d9f,8196aa85
