func,start,end,is_cold,container_id,provider_request_id,request_id
summarize,1654708652.819584,1654708652.81965,False,18df9a50,7cc4589b-eff3-4da9-a653-19431d7076ab,09c2aad1
analyse,1654708619.113953,1654708650.298222,False,69bef758,99ca8ab9-1594-417e-92ac-983e0aea1004,09c2aad1
decode,1654708616.671309,1654708618.939384,False,fb255ebc,bce87e90-710d-4518-9bc7-f6fef699e944,09c2aad1
analyse,1654708619.121871,1654708652.735732,False,831e97cf,f98ce899-dfdf-4029-9bc2-536dc0bd4299,09c2aad1
