func,start,end,is_cold,container_id,provider_request_id,request_id
analyse,1654713570.252595,1654713603.595783,False,f1156d5b,b5a555e4-7b07-4d6a-961e-1b9721e3ea15,a4241e6d
summarize,1654713605.648672,1654713605.648742,False,e3eea2e6,68bd7baf-2627-4b5c-8762-7e230f091520,a4241e6d
analyse,1654713570.247928,1654713605.551902,False,6f4ee1d8,cae02711-338a-4fed-b214-6d41ace6925e,a4241e6d
decode,1654713567.824307,1654713569.990247,False,da26b479,84799f1e-ae3f-4030-95b6-dd490b50111e,a4241e6d
