func,start,end,is_cold,container_id,provider.request_id,blob.upload,blob.download,request_id,provider.execution_duration,provider.init_duration,max_mem_used,billing.duration,billing.mem,billing.gbs
process,1701377271.31026,1701377281.311224,False,18ae58ca,fa84dxckumh5,0,0,72c0294a,10010000.0,0.0,,,,0.0
process,1701377271.563988,1701377281.565106,False,b2d80378,i8ihy72wvasj,0,0,72c0294a,10017000.0,0.0,,,,0.0
process,1701377271.178214,1701377281.189627,True,05a549d5,8n2zmu5uxrui,0,0,72c0294a,10136000.0,0.0,,,,0.0
generate,1701377270.368595,1701377270.368832,False,edd099d7,kkh4v4i73cf2,0,0,72c0294a,11000.0,0.0,,,,0.0
process,1701377271.229819,1701377281.231153,False,9010f9d3,q5xgqvfdkz6q,0,0,72c0294a,10011000.0,0.0,,,,0.0
process,1701377270.636633,1701377280.637768,False,9fc5b4ac,bi8zwssm53z9,0,0,72c0294a,10013000.0,0.0,,,,0.0
process,1701377270.928284,1701377280.929701,False,78800bd3,b8w45gk3d46f,0,0,72c0294a,10016000.0,0.0,,,,0.0
process,1701377270.783375,1701377280.78441,False,d061b84a,jzay32556f5n,0,0,72c0294a,10011000.0,0.0,,,,0.0
process,1701377271.436911,1701377281.438206,False,f3b37c66,xeoa9lau7u2q,0,0,72c0294a,10013000.0,0.0,,,,0.0
