func,start,end,is_cold,container_id,provider.request_id,blob.upload,blob.download,request_id
process,1706608594.327409,1706608595.32929,False,903ea177,d8d269ee-9cdb-4a5b-9491-a2446ec6ec0d,0.0,0.0,650668e6
process,1706608590.280961,1706608591.283785,False,903ea177,f08f2eda-51a1-4f73-9729-d002dcab14c1,0.0,0.0,650668e6
process,1706608589.268681,1706608590.270658,False,903ea177,83e740a8-74df-4073-835d-511e3d572eba,0.0,0.0,650668e6
run_workflow,1706608596.438559,1706608596.439991,,,,,,650668e6
process,1706608595.338109,1706608596.340013,False,903ea177,7f8fbbaa-dba1-4484-8d18-5a071b3e717e,0.0,0.0,650668e6
process,1706608588.258489,1706608589.26111,False,903ea177,ddb8bf7d-3e0d-4485-952c-ed113406368b,0.0,0.0,650668e6
process,1706608592.30317,1706608593.304935,False,903ea177,c3a5adb0-1928-4b85-a2fc-8775b5db95c8,0.0,0.0,650668e6
process,1706608591.292895,1706608592.294859,False,903ea177,ace27156-b229-4d3d-b670-e68b6771622c,0.0,0.0,650668e6
generate,1706608587.914273,1706608587.915839,True,903ea177,81c6ceac-50f0-4c98-b608-8ca6306acb37,0.0,0.0,650668e6
process,1706608593.317651,1706608594.319533,False,903ea177,90f7ea76-b788-427f-90f3-43c982785a6f,0.0,0.0,650668e6
