func,start,end,is_cold,container_id,provider.request_id,blob.upload,blob.download,request_id
process,1706560681.086254,1706560691.097129,False,196dc5e9,ea88420c-d49d-4cce-a653-971d6103558e,0.0,0.0,710fe260
process,1706560671.06558,1706560681.079531,False,196dc5e9,4c70d395-9df9-4f9d-868d-cbe65915ff46,0.0,0.0,710fe260
run_workflow,1706560691.197426,1706560691.200971,,,,,,710fe260
generate,1706560670.850363,1706560670.851694,True,196dc5e9,4d04ea12-2598-49de-96a5-aaeb338346e2,0.0,0.0,710fe260
