func,start,end,is_cold,container_id,provider.request_id,blob.upload,blob.download,request_id
encode,1706291757.401484,1706291787.350889,True,ebeb6f10,af35ebbe-19f8-46ff-afd3-b5f75e0ea889,1576449,23088628,1c3c80fd
rebase,1706291807.790431,1706291818.559741,True,862bd080,72de9a75-a094-4d73-b87a-797d6a5ae8a5,1193599,24585228,1c3c80fd
rebase,1706291834.060471,1706291840.139262,False,862bd080,b77e443d-5b18-43d6-b118-0e8827e2957b,891922,9560744,1c3c80fd
reencode,1706291794.265928,1706291807.203169,True,4e4a4f54,ec9d9357-1b58-4815-b7a2-a4ab1b09c1dd,1202422,27515255,1c3c80fd
split,1706291756.796709,1706291756.797963,True,782ce6e8,ac828fc2-1e30-4ba1-aeb9-1f10751ebae5,0,0,1c3c80fd
rebase,1706291818.75588,1706291826.040511,False,862bd080,a592d803-c034-4dd9-8107-b6558386563f,1186876,12417549,1c3c80fd
rebase,1706291826.263103,1706291833.839558,False,862bd080,10aede23-2ff5-4fed-b0c9-049ac352f164,1094046,12345332,1c3c80fd
encode,1706291757.400919,1706291788.162184,True,92dfca79,cc30d4b6-787f-408b-9c13-f9ddcbd103bc,1571916,23088628,1c3c80fd
reencode,1706291794.186305,1706291803.80423,True,bee9387b,e1be1776-b6ef-4834-9c13-f6744d866f6d,1131308,27436539,1c3c80fd
encode,1706291757.438523,1706291793.663176,True,3f044b81,3f05945e-36d8-4f45-b480-59096060999e,1770896,25669276,1c3c80fd
rebase,1706291840.364589,1706291846.706633,False,862bd080,1f10555e-ec8b-4f56-a969-82ae1097fff3,855746,9525868,1c3c80fd
reencode,1706291794.232244,1706291805.350331,True,ccd9a51e,1b736b16-6346-450d-9a4f-54ebd855f856,892492,24621381,1c3c80fd
encode,1706291757.394546,1706291788.826736,True,9b16d3f0,9664052f-9b81-48ad-a39c-09e1227da1e8,1574345,23088628,1c3c80fd
reencode,1706291794.251465,1706291805.316555,True,28a32819,99ee74ff-a7a0-422b-9f62-5ed40621da36,926265,24654807,1c3c80fd
reencode,1706291794.220142,1706291805.433294,True,987ea79a,ce2b955a-c7db-4241-8b4b-359da5b280d6,930381,24659340,1c3c80fd
encode,1706291757.444052,1706291788.422255,True,8aa5a3f2,0230db95-1ab0-48e5-908b-d0b174dfc736,1540919,23088628,1c3c80fd
