func,start,end,is_cold,container_id,provider.request_id,blob.upload,blob.download,request_id
analyse,1706229842.842243,1706229882.987652,False,9816f72d,c3e2ce7e-d3d1-4a70-b585-5fb447f3dc3e,0.0,249051914.0,21e37baf
summarize,1706229897.846533,1706229897.854974,True,1fe3b5f8,95a4e688-41be-4194-83d9-820624aa7d5d,0.0,0.0,21e37baf
analyse,1706229491.890321,1706229533.832372,False,8cc2418f,c2955ace-21a1-4163-aba4-75045fbf1ae2,0.0,249192258.0,21e37baf
run_workflow,1706229898.015874,1706229898.0177639,,,,,,21e37baf
decode,1706229489.65233,1706229491.73627,False,8cc2418f,0b275517-c67f-4334-b7fc-9220222b42e5,15680772.0,2618434.0,21e37baf
