func,start,end,is_cold,container_id,provider.request_id,blob.upload,blob.download,request_id
process,1701292290.467577,1701292300.477741,False,ea766d2d,42252e73-45a4-46a1-af33-c0b9666ec8f0,0,0,a3fdaec6
process,1701292290.452536,1701292300.462717,False,a992f846,560b186e-9cb8-470b-8f42-3e95d8edf9d1,0,0,a3fdaec6
process,1701292290.41497,1701292300.425122,False,7d3e3d49,cdcaa5af-3b42-4914-a633-b3e29cbd6b68,0,0,a3fdaec6
process,1701292290.384265,1701292300.394417,False,b584c6e3,e9b67030-8ca9-4703-9555-73128c4b92c2,0,0,a3fdaec6
generate,1701292290.215039,1701292290.215108,False,e9e3de15,14a0b75f-de1d-46fe-858c-d6c29524c9ff,0,0,a3fdaec6
process,1701292290.428807,1701292300.438966,False,47691623,4dd3fc51-86d7-4544-ac90-a445cdf63733,0,0,a3fdaec6
process,1701292290.460742,1701292300.470897,False,474a85f1,becf8cf8-120b-482f-bc07-c196dfb8f0c5,0,0,a3fdaec6
process,1701292290.408564,1701292300.418753,False,3f68eb6e,3fe96c69-105e-497c-b170-994f9dc287f8,0,0,a3fdaec6
process,1701292290.495584,1701292300.505759,False,7ec1b9ab,792992e5-680a-4d1c-b773-c4315bf66d45,0,0,a3fdaec6
