func,start,end,is_cold,container_id,provider.request_id,blob.upload,blob.download,request_id
process,1706562034.928017,1706562054.941558,False,110543a2,549e0f46-b163-46e0-a460-73224f463de5,0.0,0.0,07a544ff
run_workflow,1706562055.022255,1706562055.0256722,,,,,,07a544ff
generate,1706562014.771184,1706562014.771899,False,110543a2,5e32f7c2-f489-470d-a76c-8f3a6c5dfb63,0.0,0.0,07a544ff
process,1706562014.90555,1706562034.919547,False,110543a2,5ba96531-3a7d-4d0e-b572-161e638c9c67,0.0,0.0,07a544ff
